no	id	skk_key	notation	reading	method	judgment	note
1	954648-178-0022	ひきり	火鑽	ひ-きり	JMdict	o	
2	954646-166-0008	けんこんつうほう	乾坤通寶	けんこん-つうはう	align	o	
3	954648-266-0020	ふしゅうでん	俘囚田	ふしう-でん	align	o	
4	954645-049-0023	あたりばち	當鉢	あたりばち	L	o	
5	954646-352-0031	さきくぐり	先潛	さき-くぐり	JMdict	o	
6	954645-535-0031	きゅうたい	球帶	きうたい	JMdict	o	
7	954646-604-0027	しんじゅ	眞珠	しんじゅ	L	o	
8	954646-390-0008	さわぎたt	騷立	さわぎ-たつ	JMdict	o	
9	954646-254-0037	こすず	小鈴	こ-すず	align	o	
10	954647-457-0034	てて	手手	て-て	JMdict	o	
11	954648-006-0004	にがきか	苦木科	にがきくわ	align	o	
12	954646-242-0012	こさぶえ	胡沙笛	こさ-ぶえ	align	o	
13	954648-309-0019	ぶんしょし	文書司	ぶんしょ-し	align	o	
14	954645-330-0003	おもてがかり	表掛	おもて-がかり	align	o	
15	954647-371-0004	ちんじゅみょうじん	鎭守明神	ちんじゅ-みゃうじん	align	o	
16	954647-552-0002	とりちがe	取違	とり-ちがふ	JMdict	o	
17	954648-143-0024	はやびとのじょう	隼人佑	はやびと-の-じょう	align	o	
18	954646-204-0002	ごようてっせん	五曜鐵線	ごえう-てっせん	align	o	
19	954645-212-0055	うちころs	打殺	うち-ころす	JMdict	o	
20	954645-272-0038	えんてい	炎帝	えん-てい	align	o	
21	954645-072-0048	あまつひつぎ	天津日嗣	あま-つ-ひつぎ	JMdict	o	
22	954647-138-0032	ぞうかおんきゅう	増加恩給	ぞうか-おんきふ	align	o	
23	954647-236-0012	だきそだt	抱育	だき-そだつ	align	o	
24	954645-182-0060	いれちがe	入違	いれちがふ	JMdict	o	
25	954647-226-0040	とうやく	湯藥	たう-やく	L	o	
26	954645-207-0064	うだい	有待	うだい	align	o	
27	954648-470-0030	みよしのまつり	御葭祭	みよし-の-まつり	align	o	
28	954646-107-0027	がんほどき	願解	ぐわんほどき	JMdict	o	
29	954646-384-0039	さやとり	鞘取	さや-とり	JMdict	o	
30	954648-011-0068	にごいた	二五板	にご-いた	align	o	
31	954647-335-0037	じょうれい	杖藜	ぢゃう-れい	align	o	
32	954648-642-0038	りたん	履端	りたん	align	o	
33	954647-295-0001	たんたい	單體	たん-たい	L	o	
34	954647-561-0020	ないい	内衣	ない-い	JMdict	o	
35	954646-324-0024	さいぞういち	才蔵市	さいざう-いち	align	o	
36	954646-394-0046	ざんか	殘花	ざん-くわ	JMdict	o	
37	954645-025-0062	あきち	明地	あき-ち	JMdict	o	
38	954646-459-0006	しっかいや	悉皆屋	しっかい-や	align	o	
39	954646-286-0017	こびおも	媚面	こび-おも	align	o	
40	954646-457-0033	じちょう	仕丁	じ-ちゃう	JMdict	o	
41	954648-369-0043	ほうしごのいね	法師子稻	ほふしご-の-いね	align	o	
42	954648-251-0014	ふきあわs	葺合	ふきあはす	align	o	
43	954645-087-0019	ありゅうさん	亞硫酸	あ-りうさん	L	o	
44	954647-587-0028	なげに	投荷	なげ-に	JMdict	o	
45	954645-336-0025	おもいわけr	思分	おもひわける	align	o	
46	954646-303-0050	ごらん	御覽	ごらん	L	o	
47	954645-613-0019	きりいr	切入	きり-いる	JMdict	o	
48	954647-098-0017	せっさいせん	雪際線	せっさい-せん	align	o	
49	954648-401-0034	まだらうり	斑瓜	まだら-うり	align	o	
50	954646-496-0005	じもん	自門	じもん	align	o	
51	954645-419-0016	かしらだか	頭高	かしら-だか	JMdict	o	
52	954648-126-0009	はなしかk	話掛	はなし-かく	JMdict	o	
53	954645-042-0052	あしのや	葦屋	あし-の-や	align	o	
54	954647-299-0024	たんもん	端門	たん-もん	align	o	
55	954645-095-0046	あおみかん	青蜜柑	あを-みかん	JMdict	o	
56	954647-229-0048	たかきび	高黍	たか-きび	JMdict	o	
57	954646-139-0030	げし	解司	げ-し	align	o	
58	954646-465-0056	しでのたおさ	死出田長	しで-の-たをさ	JMdict	o	
59	954648-257-0027	ぶくs	服	ぶくす	align	o	
60	954645-449-0051	かなくまで	金熊手	かな-くまで	align	o	
61	954647-180-0020	たいあんにち	大安日	たいあん-にち	align	o	
62	954648-030-0004	にょらいばい	如來唄	にょらい-ばい	align	o	
63	954648-150-0006	はりしたがさね	張下襲	はり-したがさね	align	o	
64	954647-544-0067	ともぶね	友船・伴船	とも-ぶね	JMdict	o	
65	954645-182-0038	いれこくび	入子首	いれこくび	align	o	
66	954645-497-0019	からがし	唐菓子	から-ぐわし	align	o	
67	954648-176-0064	ひきはなt	引放	ひき-はなつ	JMdict	o	
68	954645-369-0006	こうじょう	考状	かうじゃう	align	o	
69	954646-450-0043	したぐも	下雲	した-ぐも	align	o	
70	954648-416-0037	まむきまわり	眞向廻	まむき-まはり	align	o	
71	954645-613-0064	きりかみ	切髮	きり-かみ	L	o	
72	954645-026-0005	あきつみかみ	現御神	あきつ-みかみ	JMdict	o	
73	954648-267-0001	ふしごと	節事	ふし-ごと	align	o	
74	954647-403-0028	つつみだきいね	包抱稻	つつみ-だきいね	align	o	
75	954645-146-0019	いってつもの	一徹者	いってつ-もの	JMdict	o	
76	954647-339-0066	じやま	地山	ぢ-やま	align	o	
77	954645-037-0058	あさひながいも	朝日長芋	あさひながいも	align	o	
78	954645-393-0022	かくい	客意	かくい	align	o	
79	954647-208-0003	だいぶつせん	大佛錢	だいぶつ-せん	align	o	
80	954645-042-0023	あしなか	足半・足中	あしなか	JMdict	o	
81	954648-321-0004	ひょうこうしき	標高式	へうかう-しき	align	o	
82	954645-092-0035	あおがわ	靑革	あを-がは	align	o	
83	954647-389-0010	つきびと	附人	つき-びと	align	o	
84	954646-307-0038	ころもでお	衣手乎	ころもで-を	align	o	
85	954648-582-0031	ゆうくも	夕雲	ゆふくも	align	o	
86	954648-020-0012	にどがり	二度刈	にど-がり	JMdict	o	
87	954647-141-0027	そうせいしゅぼ	宗正主簿	そうせい-しゅぼ	align	o	
88	954648-630-0019	らんしょう	蘭蕉	らん-せう	align	o	
89	954645-068-0051	あぶりかご	焙籠	あぶり-かご	align	o	
90	954645-162-0072	いわのと	岩戸	いは-のと	align	o	
91	954645-570-0003	きとくゆう	鬼督郵	き-とく-いう	align	o	
92	954646-110-0051	ぐんかんり	郡官吏	ぐん-くわんり	align	o	
93	954647-293-0017	たんしん	單身	たん-しん	L	o	
94	954647-136-0042	せんいそ	纖維素	せんゐ-そ	L	o	
95	954648-678-0035	おうどうきちにち	黄道吉日	わうだうきちにち	JMdict	o	
96	954648-115-0027	はちぼうず	鉢坊主	はち-ばうず	align	o	
97	954647-250-0028	たち	裁・斷・断	たち	JMdict	o	
98	954648-025-0018	にぶつ	二佛	にぶつ	align	o	
99	954648-170-0033	ひかえやぐら	控櫓	ひかへ-やぐら	align	o	
100	954646-533-0030	しゅうい	衆醫	しゅうい	align	o	
101	954645-444-0001	がってんくび	合點首	がってん-くび	align	o	
102	954648-119-0019	はつゆうぐれ	初夕暮	はつ-ゆふぐれ	align	o	
103	954647-190-0037	たいさい	大災	たい-さい	JMdict	o	
104	954645-019-0003	あかざら	閼伽皿	あか-ざら	align	o	
105	954647-020-0057	すてかがり	捨篝	すて-かがり	align	o	
106	954645-029-0049	あくどうもの	惡道者	あくだう-もの	align	o	
107	954645-390-0058	かきものがた	書物方	かきものがた	align	o	
108	954646-398-0005	さんさしんけい	三叉神經	さんさしんけい	L	o	
109	954647-251-0021	たちおと	太刀音	たち-おと	JMdict	o	
110	954646-391-0012	さおのぼり	竿登	さを-のぼり	align	o	
111	954646-180-0049	けんみつはなびし	劒三花菱	けん-みつはなびし	align	o	
112	954648-405-0014	まつかぜつき	松風月	まつかぜつき	JMdict	o	
113	954648-047-0022	ねs	熱	ねす	JMdict	o	
114	954648-018-0017	にっきゃく	日脚	にっ-きゃく	align	o	
115	954646-131-0013	けう	假有	け-う	JMdict	o	
116	954648-319-0032	へいばんそくりょう	平板測量	へいばん-そくりゃう	JMdict	o	
117	954645-384-0002	かかりのつぼ	懸壺	かかりのつぼ	align	o	
118	954646-397-0040	さんざいぶくろ	散財袋	さんざい-ぶくろ	align	o	
119	954646-080-0034	こうきょく	皇極	くわう-きょく	align	o	
120	954646-068-0022	くろげうま	黒毛馬	くろげ-うま	align	o	
121	954648-330-0030	べにてまりざくら	紅手毬櫻	べに-てまりざくら	align	o	
122	954646-499-0041	しょうかん	傷寒	しゃう-かん	JMdict	o	
123	954647-316-0029	じしんぎょうよみ	地神經讀	ぢしんぎゃう-よみ	align	o	
124	954646-340-0005	そうじょうひ	相乘比	さうじょうひ	align	o	
125	954647-382-0048	つかみざし	掴插	つかみ-ざし	align	o	
126	954648-568-0007	やどりのつかさ	宿官	やどり-の-つかさ	align	o	
127	954648-610-0039	よみそめ	讀初	よみ-そめ	align	o	
128	954647-578-0019	ながぼそ	長細	なが-ぼそ	align	o	
129	954647-316-0047	ちせい	治政	ちせい	align	o	
130	954646-591-0057	しろめ	白鑞	しろめ	JMdict	o	
131	954648-180-0043	ひけいろ	引色	ひけ-いろ	align	o	
132	954647-387-0021	つきしろ	月代	つきしろ	JMdict	o	
133	954645-399-0041	かくぶよさん	各部豫算	かくぶ-よさん	align	o	
134	954647-050-0004	せいがい	成外	せい-ぐわい	align	o	
135	954647-305-0038	ちがいきね	違杵	ちがひ-きね	align	o	
136	954648-238-0038	びんさし	鬢插	びん-さし	align	o	
137	954645-251-0048	うんぺいとう	雲平糖	うんぺい-たう	align	o	
138	954648-377-0003	ほんぐま	本隈	ほん-ぐま	align	o	
139	954647-443-0039	ちょうどがけ	調度懸	てうど-がけ	align	o	
140	954648-085-0013	はいとうつき	配當附	はいたう-つき	align	o	
141	954645-279-0038	おきしるs	置記	おきしるす	align	o	
142	954645-570-0009	きどくもの	奇特者	きどく-もの	align	o	
143	954647-460-0052	ちょうちょうむすび	蝶蝶結	てふてふ-むすび	JMdict	o	
144	954648-133-0029	はねばかま	撥袴	はね-ばかま	align	o	
145	954648-032-0053	にんてい	人體	にん-てい	L	o	
146	954645-091-0057	あいてついろ	藍鐵色	あゐ-てついろ	align	o	
147	954648-527-0015	もとごめ	元込	もと-ごめ	JMdict	o	
148	954648-263-0043	ふこ	府庫	ふ-こ	JMdict	o	
149	954646-350-0055	さかまき	逆卷	さか-まき	align	o	
150	954647-199-0019	だいせんじ	大宣旨	だい-せんじ	align	o	
151	954645-170-0061	いえごと	家言	いへ-ごと	JMdict	o	
152	954648-699-0037	わんやき	椀燒	わんやき	align	o	
153	954645-341-0008	おりのべぎぬ	織延絹	おりのべ-ぎぬ	align	o	
154	954647-248-0009	ただこえ	直超	ただ-こえ	align	o	
155	954648-610-0063	よみほん	讀本	よみほん	L	o	
156	954645-397-0022	かくそう	客僧	かく-そう	align	o	
157	954647-267-0035	たのしげ	樂氣	たのし-げ	align	o	
158	954647-469-0010	でんきどうばん	電氣銅版	でんき-どうばん	align	o	
159	954646-055-0045	くらしかた	暮方	くらし-かた	JMdict	o	
160	954645-049-0024	あたりび	當日	あたり-び	JMdict	o	
161	954645-473-0025	かぶりのはこ	冠箱	かぶり-の-はこ	align	o	
162	954645-419-0008	かしらかさ	頭瘡	かしら-かさ	align	o	
163	954645-154-0056	いなだね	稻種	いな-だね	align	o	
164	954647-090-0040	せきひつせき	石筆石	せきひつ-せき	align	o	
165	954647-066-0049	せいり	勢利	せいり	align	o	
166	954645-483-0011	かみあw	噛合	かみ-あはす	JMdict	o	
167	954645-427-0032	かたうずら	片鶉	かた-うづら	align	o	
168	954647-337-0052	ちゃせきがけ	茶席掛	ちゃせき-がけ	align	o	
169	954645-361-0012	かいりくぐん	海陸軍	かいりく-ぐん	align	o	
170	954646-249-0014	こしも	腰裳	こしも	align	o	
171	954648-584-0008	ゆうみぐさ	夕見草	ゆふみ-ぐさ	align	o	
172	954647-008-0020	すき	剝	すき	align	o	
173	954647-218-0031	とうけい	刀圭	たう-けい	JMdict	o	
174	954648-304-0051	ふろく	附錄	ふろく	L	o	
175	954645-137-0028	いちまつぞめ	市松染	いちまつ-ぞめ	align	o	
176	954648-638-0022	りくぐんちゅうさ	陸軍中佐	りくぐん-ちゅうさ	align	o	
177	954647-032-0053	すい	隧	すゐ	align	o	
178	954646-426-0041	しかe	仕替	し-かへる	JMdict	o	
179	954647-242-0007	たけのかわ	竹皮	たけのかは	JMdict	o	
180	954646-199-0040	こうばいもみ	紅梅紅	こうばい-もみ	align	o	
181	954648-046-0019	ねこなでごえ	猫撫聲	ねこなで-ごゑ	L	o	
182	954645-038-0013	あさぶろしき	麻風呂敷	あさ-ぶろしき	align	o	
183	954647-069-0015	しょうゆう	小邑	せう-いふ	align	o	
184	954646-200-0050	こうぶじろう	工部侍郎	こうぶ-じらう	align	o	
185	954646-385-0015	さよく	砂浴	さ-よく	align	o	
186	954645-596-0044	きゅうこう	穹窖	きゅう-かう	align	o	
187	954648-193-0006	ひぜんがさ	皮癬瘡	ひぜん-がさ	align	o	
188	954648-641-0028	りさいしゃ	罹災者	りさい-しゃ	JMdict	o	
189	954647-177-0034	そんちゅう	村中	そん-ちゅう	align	o	
190	954646-552-0021	じゅみょうがみ	壽命神	じゅみゃう-がみ	align	o	
191	954647-265-0037	たにそば	谷側	たに-そば	align	o	
192	954647-147-0037	ぞくが	俗畫	ぞく-ぐわ	JMdict	o	
193	954648-167-0045	ひえもの	冷物	ひえ-もの	JMdict	o	
194	954645-260-0026	えきろ	驛路	えき-ろ	L	o	
195	954645-558-0057	きせい	記性	きせい	JMdict	o	
196	954647-181-0018	たいいんりょう	退隱料	たいいんれう	align	o	
197	954646-293-0041	こおりもち	郡持	こほり-もち	align	o	
198	954646-375-0008	さとがえり	里歸	さとがへり	L	o	
199	954645-521-0007	かんせきよみ	漢籍讀	かんせき-よみ	align	o	
200	954646-205-0048	こがくr	木隱	こ-がくる	align	o	
201	954647-056-0019	せいしんか	精神家	せいしん-か	align	o	
202	954645-130-0059	いたm	撓	いたむ	JMdict	o	
203	954645-127-0042	いたがけ	板掛	いたがけ	align	o	
204	954646-080-0005	こうこう	鑛坑	くわう-かう	L	o	
205	954647-509-0045	とくきゅう	特給	とく-きふ	align	o	
206	954645-473-0015	ごうりせつ	合理說	がふり-せつ	align	o	
207	954648-231-0018	ひらてん	平點	ひら-てん	align	o	
208	954645-448-0020	かどべ	門邊	かどべ	L	o	
209	954646-418-0011	しゅうかくき	收穫期	しうくわく-き	L	o	
210	954645-271-0002	えんげん	艶言	えん-げん	JMdict	o	
211	954648-523-0029	もちくち	持口	もち-くち	align	o	
212	954645-286-0010	おことじまい	御事仕舞	おこと-じまひ	align	o	
213	954648-274-0018	ふだいなみ	譜代並	ふだい-なみ	align	o	
214	954645-538-0066	ぎかいのそう	擬階奏	ぎかい-の-そう	align	o	
215	954648-178-0046	ひきわたしばらい	引渡拂	ひきわたし-ばらひ	align	o	
216	954647-400-0038	つちたかつき	土高坏	つちたかつき	align	o	
217	954647-382-0029	つがまつ	栂松	つが-まつ	align	o	
218	954645-440-0023	かじのはちょう	梶葉蝶	かぢのは-てふ	align	o	
219	954648-176-0063	ひきはなs	引離	ひき-はなす	JMdict	o	
220	954647-575-0023	ながつきぐさ	長月草	ながつき-ぐさ	align	o	
221	954646-099-0038	かんぎり	鐶桐	くわん-ぎり	align	o	
222	954647-123-0010	せんせき	泉石	せん-せき	JMdict	o	
223	954648-466-0033	みゃくしるい	脈翅類	みゃくし-るゐ	JMdict	o	
224	954647-183-0015	たいかくせん	對角線	たいかく-せん	L	o	
225	954645-557-0051	きs	騎	き-す	align	o	
226	954646-010-0009	くかんせつ	苦觀說	くくわん-せつ	align	o	
227	954648-317-0022	へいしょう	兵將	へい-しゃう	align	o	
228	954645-618-0016	ぎれい	儀禮	ぎれい	L	o	
229	954647-095-0029	せちにち	節日	せちにち	JMdict	o	
230	954645-285-0008	おくれけ	後毛	おくれ-け	align	o	
231	954647-062-0017	せいぼう	星芒	せい-ばう	align	o	
232	954645-616-0029	きりぬきつうしん	切拔通信	きりぬきつうしん	align	o	
233	954645-128-0035	いただきもち	戴餅	いただき-もち	align	o	
234	954648-284-0049	ぶつりこうがく	物理光學	ぶつりくわうがく	align	o	
235	954647-045-0025	すんぺい	寸兵	すん-ぺい	align	o	
236	954648-478-0064	むくy	報・酬	むくゆ	JMdict	o	
237	954648-102-0047	はこあし	箱足	はこ-あし	align	o	
238	954648-432-0017	みかぎり	見限	み-かぎり	align	o	
239	954646-337-0032	そうこん	爪痕	さうこん	JMdict	o	
240	954648-613-0045	よりどうぐ	寄道具	より-だうぐ	align	o	
241	954645-414-0009	かざりぐし	飾串	かざり-ぐし	align	o	
242	954645-397-0012	がくせき	學籍	がく-せき	L	o	
243	954648-451-0016	みずたで	水蓼	みづ-たで	JMdict	o	
244	954646-316-0020	ごんのきたのかた	權北方	ごん-の-きたのかた	align	o	
245	954645-202-0025	うしのつのもじ	牛角文字	うしのつの-もじ	JMdict	o	
246	954648-110-0024	はたそり	畑橇	はた-そり	align	o	
247	954646-537-0011	しゅうらい	衆籟	しゅう-らい	align	o	
248	954647-237-0065	たくしつ	澤漆	たく-しつ	align	o	
249	954646-447-0032	しぞうのかんじん	祗承官人	しぞう-の-くわんじん	align	o	
250	954648-089-0006	ほうあんけいさつ	保安警察	はうあん-けいさつ	align	o	
251	954647-575-0004	ながちょう	長帳	なが-ちゃう	align	o	
252	954647-142-0036	そうづり	總釣	そう-づり	align	o	
253	954646-428-0041	しきげゆ	式解由	しき-げゆ	align	o	
254	954648-125-0064	はなざくら	花櫻	はな-ざくら	L	o	
255	954648-715-0037	えんがくじは	圓覺寺派	ゑんがくじ-は	align	o	
256	954648-448-0038	みずからくり	水絡繰	みづ-からくり	JMdict	o	
257	954645-413-0033	かさほこぐも	傘鋒雲	かさほこ-ぐも	align	o	
258	954647-292-0044	たんじゅつ	短述	たん-じゅつ	align	o	
259	954645-605-0050	きょくまち	局待	きょくまち	align	o	
260	954648-440-0062	みそぎだいえ	禊大會	みそぎ-だいゑ	align	o	
261	954648-640-0026	りくとう	六韜	りく-たう	align	o	
262	954646-074-0008	がいこくこうし	外國公使	ぐわいこく-こうし	align	o	
263	954646-220-0025	こくふう	國風	こくふう	L	o	
264	954648-026-0030	においいり	匂入	にほひ-いり	align	o	
265	954646-568-0017	しょき	初虧	しょき	align	o	
266	954645-463-0033	かわりきりぐるま	變桐車	かはり-きりぐるま	align	o	
267	954648-459-0006	みねいり	峰入	みね-いり	align	o	
268	954647-344-0031	ちゅうけいきょく	中繼局	ちゅうけい-きょく	L	o	
269	954646-162-0053	けんぎょうせい	縣行政	けん-ぎゃうせい	align	o	
270	954648-586-0003	ゆみおれ	弓折	ゆみ-をれ	align	o	
271	954646-234-0011	こころいじ	心意地	こころいぢ	align	o	
272	954648-281-0002	ふつうばいばい	普通賣買	ふつう-ばいばい	align	o	
273	954645-179-0035	いらたか	苛高	いらたか	align	o	
274	954645-305-0032	おい	追・逐	おひ	L	o	
275	954648-100-0007	はくびょうが	白描畫	はくべう-ぐわ	align	o	
276	954648-238-0003	びんおや	鬢親	びん-おや	align	o	
277	954645-263-0010	えだえだ	枝枝	えだ-えだ	align	o	
278	954645-354-0028	かいじ	海事	かいじ	L	o	
279	954645-286-0027	おこもの	御小者	お-こもの	align	o	
280	954647-117-0049	せんさい	剪綵	せん-さい	align	o	
281	954645-311-0014	おおうみのはら	大海原	おほうみ-の-はら	align	o	
282	954646-359-0049	さげふり	下振	さげ-ふり	JMdict	o	
283	954648-566-0042	やづる	矢弦	やづる	align	o	
284	954645-570-0058	きならu	著習	き-ならふ	align	o	
285	954645-108-0012	いがく	異學	い-がく	align	o	
286	954648-053-0029	ねほり	根掘	ね-ほり	align	o	
287	954648-682-0013	わかなえ	若苗	わかなへ	align	o	
288	954646-092-0040	かつじょじ	活助辭	くわつじょじ	align	o	
289	954647-334-0015	ちょうほうそうし	長奉送使	ちゃう-ほうそうし	align	o	
290	954648-516-0006	めんはぶたえ	綿羽二重	めん-はぶたへ	align	o	
291	954646-088-0034	かさ	過差	くわさ	align	o	
292	954646-455-0055	しちじゅうちょうだて	七十挺立	しちじふてう-だて	align	o	
293	954647-171-0013	そらざや	空鞘	そら-ざや	align	o	
294	954647-431-0038	ていげん	程限	てい-げん	align	o	
295	954648-502-0029	みょうおんじょう	妙音聲	めう-おんじゃう	align	o	
296	954646-314-0032	こんだい	今代	こん-だい	align	o	
297	954647-535-0033	とびのk	飛退	とび-のく	JMdict	o	
298	954645-083-0012	あらしお	粗鹽	あら-しほ	JMdict	o	
299	954646-203-0054	こうえんち	公園地	こうゑん-ち	align	o	
300	954645-498-0010	からしず	芥子酢	からし-ず	align	o	
301	954647-210-0017	だいみょうげい	大名藝	だいみゃう-げい	align	o	
302	954645-210-0034	うちあや	打綾	うち-あや	align	o	
303	954646-039-0040	くわのゆみ	桑弓	くは-の-ゆみ	align	o	
304	954648-707-0041	いれつ	偉烈	ゐ-れつ	JMdict	o	
305	954645-607-0046	きょしょうしゃ	擧證者	きょしょう-しゃ	align	o	
306	954645-016-0048	あかあかざ	赤藜	あかあかざ	align	o	
307	954646-481-0020	しゅうじじょう	習字帖	しふじ-でふ	align	o	
308	954645-557-0024	きしん	貴臣	きしん	align	o	
309	954648-625-0028	らくだい	落題	らく-だい	align	o	
310	954647-032-0063	すいあつ	水壓	すゐ-あつ	L	o	
311	954648-169-0045	ひがしろくじょうふじ	東六條藤	ひがしろくでう-ふぢ	align	o	
312	954645-249-0034	うんえき	瘟疫	うん-えき	JMdict	o	
313	954646-277-0047	ことよう	異用	こと-よう	align	o	
314	954648-439-0042	みせあきない	店商	みせ-あきなひ	align	o	
315	954645-405-0011	かけでr	驅出	かけ-でる	align	o	
316	954645-091-0045	あいしらじのかわ	藍白地革	あゐしらぢ-の-かは	align	o	
317	954646-129-0011	けいふう	勁風	けい-ふう	align	o	
318	954648-201-0059	ひっつり	引釣	ひっつり	JMdict	o	
319	954645-355-0023	かいしん	海神	かいしん	JMdict	o	
320	954646-407-0046	さんぱち	三八	ん-ばち	JMdict	o	紙面は さん-ぱち（半濁点の丸が小さく判別しにくい）
321	954647-369-0018	じんこうめ	沈香目	ぢんかう-め	align	o	
322	954647-180-0017	だいあみ	臺網	だい-あみ	align	o	
323	954645-229-0047	ういかむり	初冠	うひ-かむり	JMdict	o	
324	954646-310-0036	こんごうぐさ	金剛草	こんがう-ぐさ	align	o	
325	954648-549-0054	やきころs	燒殺	やき-ころす	JMdict	o	
326	954647-248-0023	ただしげ	正氣	ただし-げ	align	o	
327	954648-427-0046	まんねんづる	萬年弦	まんねん-づる	align	o	
328	954645-383-0008	かがみまくら	鏡枕	かがみ-まくら	align	o	
329	954648-045-0014	ねくさr	寐腐	ね-くさる	align	o	
330	954648-367-0007	ほどむら	程村	ほど-むら	align	o	
331	954648-709-0022	えいへいしれい	衞兵司令	ゑいへい-しれい	align	o	
332	954647-564-0014	ないさぐり	內探	ない-さぐり	align	o	
333	954647-558-0034	とんせいひじり	遁世聖	とんせい-ひじり	align	o	
334	954645-195-0022	うきょうのさかん	右京屬	うきゃう-の-さくわん	align	o	
335	954648-316-0003	へいきんたいよう	平均太陽	へいきん-たいやう	JMdict	o	
336	954648-583-0025	ゆうと	夕戸	ゆふと	align	o	
337	954647-374-0025	ちんおく	賃屋	ちん-をく	align	o	
338	954645-293-0024	おだいほう	御大方	お-だいはう	align	o	
339	954646-511-0046	しょうとう	床頭	しゃう-とう	JMdict	o	
340	954647-047-0020	せいよう	政要	せい-えう	align	o	
341	954646-103-0001	かんじんのう	勸進能	くわんじん-のう	align	o	
342	954648-515-0006	めんしょきょかん	免所居官	めん-しょきょくわん	align	o	
343	954648-026-0035	においかたしろ	匂肩白	にほひ-かたしろ	align	o	
344	954647-166-0037	そえもん	添紋	そへ-もん	align	o	
345	954647-419-0027	つりかびん	釣花瓶	つり-くわびん	align	o	
346	954648-018-0001	にちろく	日錄	にち-ろく	L	o	
347	954647-565-0033	ないしん	内臣	ない-しん	align	o	
348	954648-537-0069	もりころs	盛殺	もり-ころす	JMdict	o	
349	954648-215-0051	ひむろのせっく	氷室節句	ひむろ-の-せっく	align	o	
350	954645-145-0050	いつつのてき	五敵	いつつ-のてき	align	o	
351	954645-306-0023	おびぎわ	帶際	おびぎは	align	o	
352	954647-539-0005	とぼそ	樞	と-ぼそ	L	o	
353	954645-288-0052	おしくだs	押下	おし-くだす	align	o	
354	954646-287-0045	こひっさきもとゆい	小引裂元結	こ-ひっさきもとゆひ	align	o	
355	954647-356-0001	ちょうしょう	徴證	ちょうしょう	L	o	
356	954646-364-0022	さしかk	差掛	さし-かかる	JMdict	o	
357	954647-509-0038	とくがわあおい	徳川葵	とくがは-あふひ	align	o	
358	954645-019-0002	あかさやまき	赤鞘卷	あか-さやまき	align	o	
359	954646-400-0027	さんしゅ	蠶種	さん-しゅ	JMdict	o	
360	954648-474-0030	むこうめ	向目	むかう-め	align	o	
361	954645-260-0027	えきわ	腋窩	えき-わ	JMdict	o	
362	954646-365-0063	さしたt	差立	さし-たつ	JMdict	o	
363	954645-354-0039	かいしのぎ	櫂鎬	かいしのぎ	align	o	
364	954647-177-0042	そんとう	村頭	そん-とう	align	o	
365	954645-168-0011	いいはてr	言果	いひ-はてる	align	o	
366	954648-560-0034	やすのかわ	安河	やす-の-かは	align	o	
367	954647-570-0040	ながえたおし	長柄倒	ながえ-たふし	align	o	
368	954646-363-0036	さしあt	差當	さし-あたる	JMdict	o	
369	954648-545-0024	ようじがくれ	楊枝隱	やうじ-がくれ	align	o	
370	954646-117-0039	けいあんぐち	慶庵口	けいあん-ぐち	align	o	
371	954646-123-0041	けいしょう	奎章	けい-しゃう	align	o	
372	954645-155-0047	いなり	稻荷	いなり	L	o	
373	954645-393-0031	かくうせん	架空線	かくう-せん	align	o	
374	954648-421-0043	まるつば	丸鍔	まる-つば	align	o	
375	954645-627-0029	きんしゅ	金朱	きん-しゅ	align	o	
376	954648-025-0034	にゅうぼく	入木	にふ-まく	dict-reading	o	
377	954647-131-0042	せんびょう	疝病	せん-びゃう	align	o	
378	954646-183-0007	げんろくぎん	元祿銀	げんろく-ぎん	align	o	
379	954647-295-0042	だんじょう	談場	だん-ぢゃう	align	o	
380	954645-620-0032	きんいつせい	均一制	きんいつ-せい	align	o	
381	954648-670-0042	れんごうさいむ	聯合債務	れんがふさいむ	align	o	
382	954648-684-0019	わきだて	脇立	わき-だて	JMdict	o	
383	954645-532-0034	きゅうこう	舊交	きう-かう	L	o	
384	954646-456-0016	しちだいじ	七大寺	しち-だいじ	JMdict	o	
385	954647-259-0018	たつみがよい	巽通	たつみ-がよひ	align	o	
386	954645-426-0022	かたあて	肩當・肩宛	かた-あて	L	o	
387	954647-330-0048	ちょうしんけい	聽神經	ちゃう-しんけい	L	o	
388	954648-312-0015	ふんべち	分別	ふん-べち	align	o	
389	954648-275-0067	ふたつき	蓋附	ふた-つき	align	o	
390	954648-348-0047	ぼくこう	木工	ぼく-こう	align	o	
391	954648-070-0016	のぶか	箆深	のぶか	align	o	
392	954647-493-0038	どうざいく	銅細工	どう-ざいく	align	o	
393	954648-371-0039	ほおあか	頬赤	ほほ-あか	JMdict	o	
394	954645-359-0044	かいへいだん	海兵團	かいへいだん	L	o	
395	954645-091-0031	あいかわ	藍革	あゐ-かは	JMdict	o	
396	954645-307-0070	おいのぼr	生上	おひ-のぼる	align	o	
397	954648-281-0008	ふつうわりびき	普通割引	ふつう-わりびき	align	o	
398	954648-666-0058	れいようかく	羚羊角	れいやう-かく	align	o	
399	954645-168-0019	いいひろg	言廣	いひ-ひろぐ	align	o	
400	954645-609-0010	きょとう	巨頭・鉅頭	きょ-とう	L	o	
401	954648-150-0029	はりたましい	張魂	はり-たましひ	align	o	
402	954645-153-0017	いとまさめ	絲柾目	いと-まさめ	align	o	
403	954647-241-0014	たけくぎいくさ	竹釘軍	たけくぎ-いくさ	align	o	
404	954645-461-0038	かわむつ	川睦	かは-むつ	align	o	
405	954647-053-0023	せいさんくみあい	生産組合	せいさん-くみあひ	JMdict	o	
406	954647-109-0024	せろっぽう	千六本	せろっぽう	JMdict	o	
407	954648-202-0040	ひつろう	筆勞	ひつ-らう	align	o	
408	954646-262-0023	ごじさん	五痔散	ごぢ-さん	align	o	
409	954646-607-0033	しんせんさい	神仙菜	しんせん-さい	align	o	
410	954646-564-0013	じょうこん	乘根	じょう-こん	L	o	
411	954645-151-0071	いとざくら	絲櫻	いと-ざくら	L	o	
412	954648-072-0058	のみとr	飮取	のみ-とる	align	o	
413	954648-501-0004	めいたん	明旦	めい-たん	JMdict	o	
414	954646-097-0024	かいん	科員	くわ-ゐん	align	o	
415	954645-332-0039	おもいおきt	思掟	おもひ-おきつ	align	o	
416	954647-485-0017	でんわく	電話區	でんわ-く	align	o	
417	954645-304-0003	おのさま	己樣	おのさま	align	o	
418	954645-114-0011	いきいr	行居	いき-ゐる	align	o	
419	954646-618-0032	しんおうひ	親王妃	しんわう-ひ	align	o	
420	954645-217-0016	うちゅうべん	右中辨	う-ちゅうべん	L	o	
421	954648-163-0011	はんりょう	飯料	はん-れう	align	o	
422	954648-343-0039	ほうし	封豕	ほう-し	align	o	
423	954647-276-0017	だまk	騙	だまかす	JMdict	o	
424	954647-312-0031	ちけいず	地形圖	ちけい-づ	L	o	
425	954648-217-0056	ひめみかど	姫帝	ひめ-みかど	align	o	
426	954647-517-0042	とこかざり	床飾	とこ-かざり	JMdict	o	
427	954648-081-0024	はいきょ	廢墟	はい-きょ	L	o	
428	954645-242-0065	うらみて	怨手	うらみ-て	align	o	
429	954646-461-0030	じつじょう	實情	じつじゃう	L	o	
430	954646-588-0025	しろあしげ	白葦毛・白蘆毛	しろ-あしげ	JMdict	o	
431	954645-583-0009	きもさき	肝先	きもさき	align	o	
432	954646-022-0021	ぐそくに	具足煮	ぐそく-に	align	o	
433	954646-387-0004	さりげなi	然氣無	さりげ-なし	JMdict	o	
434	954648-290-0020	ふなにび	船荷日	ふなに-び	align	o	
435	954645-354-0027	かいし	開士	かいし	align	o	
436	954648-042-0028	ぬれがらす	濡烏	ぬれ-がらす	align	o	
437	954646-152-0029	けぬきおんな	毛拔女	けぬき-をんな	align	o	
438	954646-514-0006	しょうばんしゅう	相伴衆	しゃうばん-しゅう	align	o	
439	954646-609-0043	じんちょう	腎腸	じんちゃう	align	o	
440	954646-606-0014	じんしんばいばい	人身賣買	じんしん-ばいばい	L	o	
441	954645-272-0029	えんじん	烟塵	えん-ぢん	JMdict	o	
442	954647-021-0042	すてぶね	捨舟	すて-ぶね	align	o	
443	954645-226-0067	うわがr	上枯	うは-がる	JMdict	o	
444	954648-425-0001	まんえんおおばん	萬延大判	まんえん-おほばん	align	o	
445	954646-070-0061	くろむしろのくるま	黒筵車	くろむしろ-の-くるま	align	o	
446	954645-037-0019	あさぬさ	麻幣	あさ-ぬさ	align	o	
447	954646-398-0032	さんし	山子	さんし	align	o	
448	954647-096-0031	せっこうるい	節甲類	せっかふるゐ	align	o	
449	954648-188-0016	ひしまい	日仕舞	ひ-しまひ	align	o	
450	954646-115-0015	ぐんりょう	軍糧	ぐんりゃう	align	o	
451	954647-587-0039	なげもの	投物	なげもの	JMdict	o	
452	954648-225-0040	びゃくび	白微	びゃくび	align	o	
453	954645-413-0072	かざりいと	飾絲	かざり-いと	align	o	
454	954647-219-0022	とうざい	盜罪	たう-ざい	align	o	
455	954647-041-0002	すいへい	水萍	すゐ-へい	align	o	
456	954646-466-0022	じてんしゃ	次點者	じてん-しゃ	JMdict	o	
457	954647-290-0052	たんざ	旦座	たん-ざ	align	o	
458	954647-432-0004	でいこう	泥工	でい-こう	align	o	
459	954646-146-0024	けっきざかり	血氣盛	けっき-ざかり	L	o	
460	954648-557-0026	やけぼこり	燒埃	やけ-ぼこり	align	o	
461	954647-338-0016	ちゃとうび	茶湯日	ちゃたう-び	align	o	
462	954645-425-0043	かぞえあg	數上	かぞへ-あぐ	JMdict	o	
463	954647-061-0036	せいどじむのすけ	制度事務輔	せいどじむのすけ	align	o	
464	954646-545-0020	じゅじゅつ	儒術	じゅ-じゅつ	align	o	
465	954648-348-0032	ほくきょくぎつね	北極狐	ほくきょく-ぎつね	align	o	
466	954646-378-0017	さわつきげ	澤月毛	さは-つきげ	align	o	
467	954647-400-0058	つちのだんこ	土團子	つち-の-だんこ	align	o	
468	954648-707-0004	いや	禮	ゐや	align	o	
469	954646-094-0060	がふく	畫幅	ぐわ-ふく	L	o	
470	954648-670-0045	れんごうはがき	聯合端書	れんがふ-はがき	align	o	
471	954647-203-0018	だいどころ	臺所	だい-どころ	L	o	
472	954648-552-0025	やくくん	約訓	やく-くん	align	o	
473	954645-395-0039	かくじ	角字	かくじ	JMdict	o	
474	954648-709-0004	えいし	衞史	ゑいし	align	o	
475	954648-449-0002	みずぐきの	水莖之	みづぐき-の	align	o	
476	954648-295-0065	ふみひろげづき	文披月	ふみひろげ-づき	JMdict	o	
477	954646-173-0029	けんどうしき	獻堂式	けんだう-しき	L	o	
478	954645-104-0045	ゆうじゅう	有住	いう-ぢゅう	align	o	
479	954648-408-0042	まつりのじもく	祭除目	まつり-の-ぢもく	align	o	
480	954645-506-0060	かりづえ	狩杖	かり-づゑ	align	o	
481	954646-060-0065	くりん	苦輪	くりん	align	o	
482	954647-419-0061	つりはな	釣花	つり-はな	align	o	
483	954645-201-0021	うしかけ	牛駈	うし-かけ	align	o	
484	954646-114-0041	ぐんめい	郡名	ぐん-めい	align	o	
485	954645-028-0030	あくぎょう	惡行	あくぎゃう	L	o	
486	954648-137-0032	はまぐりなべ	蛤鍋	はまぐり-なべ	align	o	
487	954645-022-0024	あかみ	赤味	あかみ	JMdict	o	
488	954646-615-0001	しんまい	神米	しん-まい	align	o	
489	954646-127-0037	けいどじ	經度時	けいど-じ	align	o	
490	954647-321-0040	ちほうこうさい	地方公債	ちはう-こうさい	align	o	
491	954645-134-0042	いちにちじ	一日路	いちにち-ぢ	JMdict	o	
492	954646-121-0017	けいさつきそく	警察規則	けいさつ-きそく	align	o	
493	954648-489-0021	むつことのは	睦言葉	むつ-ことのは	align	o	
494	954645-449-0004	かないん	金印	かないん	align	o	
495	954648-039-0045	ぬいどののつかさ	縫殿寮	ぬひどの-の-つかさ	align	o	
496	954648-167-0024	ひよう	祕要	ひ-えう	align	o	
497	954645-128-0005	いたこんごう	板金剛	いた-こんがう	align	o	
498	954648-480-0020	むごし	無腰	む-ごし	JMdict	o	
499	954647-060-0033	せいてつじょ	製鐵所	せいてつ-じょ	L	o	
500	954647-311-0012	じぐちあんどう	地口行燈	ぢぐち-あんどう	align	o	
501	954648-199-0055	ひっきr	挽切	ひっ-きる	align	o	
502	954648-700-0035	いがん	居眼	ゐ-がん	align	o	
503	954648-177-0010	ひきもうk	引設	ひき-まうく	align	o	
504	954645-155-0034	いなまる	稻丸	いな-まる	align	o	
505	954645-398-0014	がくでん	樂殿	がく-でん	align	o	
506	954648-019-0001	にっしゃ	日者	にっしゃ	align	o	
507	954645-578-0024	きゅうにゅうき	吸乳器	きふにゅう-き	align	o	
508	954646-431-0024	じきよく	食慾	じき-よく	align	o	
509	954645-450-0068	かなばし	金箸	かなばし	JMdict	o	
510	954648-303-0028	ふるい	震	ふるひ	JMdict	o	
511	954646-101-0016	かんさい	官祭	くわん-さい	align	o	
512	954648-157-0019	はんだい	飯臺	はん-だい	L	o	
513	954648-653-0008	りょうこつ	龍骨	りょう-こつ	align	o	
514	954646-178-0032	けんびるい	劒尾類	けんびるゐ	align	o	
515	954647-332-0033	じょうづめ	定詰	ぢゃう-づめ	JMdict	o	
516	954645-537-0026	きゅうりょう	虬龍	きう-りょう	JMdict	o	
517	954645-493-0062	かゆばしら	粥柱	かゆ-ばしら	JMdict	o	
518	954648-229-0038	ひらきあわs	開合	ひらき-あはす	align	o	
519	954645-445-0053	かつらおんな	桂女	かつら-をんな	align	o	
520	954646-340-0047	そうせつ	草竊	さう-せつ	align	o	
521	954648-310-0007	ぶんせきだんてい	分析斷定	ぶんせき-だんてい	align	o	
522	954648-155-0015	ばんしゅ	萬株	ばん-しゅ	align	o	
523	954646-217-0053	こくせきていしょく	國籍牴觸	こくせき-ていしょく	align	o	
524	954645-291-0034	おしおr	押折	おしをる	align	o	
525	954645-378-0036	こうろうし	郊勞使	かうらう-し	align	o	
526	954648-616-0015	よろいねずみ	鎧鼠	よろひねずみ	JMdict	o	
527	954648-453-0054	みずひきまく	水引幕	みづひき-まく	JMdict	o	
528	954645-597-0039	きゅうでんづくり	宮殿造	きゅうでん-づくり	align	o	
529	954648-620-0015	ろうがさ	牢瘡	らう-がさ	align	o	
530	954648-442-0042	みたてがえ	見立替	みたて-がへ	align	o	
531	954645-303-0009	おにのつぶて	鬼礫	おに-のつぶて	align	o	
532	954645-181-0005	いりちがい	入違	いり-ちがひ	JMdict	o	
533	954648-494-0045	むらさきじ	紫地	むらさき-ぢ	align	o	
534	954646-309-0027	こえだすけ	聲助	こゑだすけ	align	o	
535	954645-517-0001	かんごくししょ	監獄支署	かんごく-ししょ	align	o	
536	954647-105-0053	しょう	少輔	せふ	JMdict	o	
537	954648-649-0050	りょうぼく	良木	りゃう-ぼく	JMdict	o	
538	954648-225-0007	びゃくだんみがき	白檀磨	びゃくだん-みがき	align	o	
539	954645-630-0059	きんのう	金嚢	きん-なう	align	o	
540	954645-631-0028	きんばいそう	金梅草	きんばい-さう	JMdict	o	
541	954648-478-0051	むくのみ	椋實	むく-の-み	align	o	
542	954647-294-0037	たんぜんぶろ	丹前風呂	たんぜん-ぶろ	JMdict	o	
543	954646-237-0019	こころなが	心長	こころ-なが	align	o	
544	954648-651-0033	りゅうしゅ	龍手	りゅう-しゅ	align	o	
545	954645-239-0008	うもれいr	埋居	うもれ-ゐる	align	o	
546	954646-518-0039	じょうるりかたり	淨瑠璃語	じゃうゐりかたり	dict-reading	o	
547	954645-358-0040	かいにんじょう	解任狀	かいにん-じゃう	L	o	
548	954647-464-0040	てりに	照煮	てりに	align	o	
549	954647-414-0030	つみもどs	積戻	つみ-もどす	align	o	
550	954648-157-0026	はんたいしゃ	反對者	はんたいしゃ	L	o	
551	954647-470-0041	てんけいびょう	天刑病	てんけい-びゃう	JMdict	o	
552	954645-322-0024	おおもうけ	大儲	おほ-まうけ	JMdict	o	
553	954645-470-0026	かぶしきなかがい	株式仲買	かぶしきなかがひ	align	o	
554	954647-551-0013	とりさた	取沙汰	とり-さた	align	o	
555	954647-055-0021	せいじょう	西淨	せい-じゃう	align	o	
556	954646-604-0038	しんじゅこう	眞珠光	しんじゅしくわう	JMdict	o	
557	954645-386-0003	かきいろがみ	柿色紙	かきいろ-がみ	align	o	
558	954648-245-0062	ふうてんにん	瘋癲人	ふうてん-にん	align	o	
559	954645-242-0023	うらはん	裏判	うら-はん	align	o	
560	954646-217-0015	こくしょ	國初	こく-しょ	L	o	
561	954648-274-0007	ふたいじょうこく	附帶上告	ふたい-じゃうこく	align	o	
562	954648-301-0022	ふりむk	振向	ふりむく	JMdict	o	
563	954648-727-0010	おとこぎ	男氣	をとこぎ	L	o	
564	954648-610-0052	よみながし	讀流	よみながし	align	o	
565	954648-648-0043	りょうじょ	良女	りゃう-ぢょ	align	o	
566	954647-309-0061	ちくいん	竹印	ちく-いん	align	o	
567	954648-231-0068	ひらぼね	平骨	ひら-ぼね	align	o	
568	954648-615-0027	よろずたび	萬度	よろづ-たび	align	o	
569	954647-272-0042	とうか	踏歌	たふか	JMdict	o	
570	954648-277-0052	ぶだんせいじ	武斷政治	ぶだん-せいぢ	JMdict	o	
571	954648-036-0059	ぬけまいり	拔參	ぬけ-まゐり	JMdict	o	
572	954645-086-0011	あられもち	霰餅	あられ-もち	JMdict	o	
573	954646-310-0042	こんごうさった	金剛薩埵	こんがうさった	JMdict	o	
574	954648-320-0023	へいれい	幣禮	へいれい	align	o	
575	954647-218-0001	とうぐわ	唐桑	たう-ぐは	align	o	
576	954647-218-0029	どうげ	堂下	だう-げ	align	o	
577	954647-037-0025	ずいじんどころ	隨身所	ずゐじん-どころ	align	o	
578	954645-583-0021	きもの	著物	きもの	align	o	
579	954647-332-0048	じょうど	丈度	ぢやう-ど	align	o	
580	954647-289-0022	たんか	丹果	たん-くわ	align	o	
581	954645-226-0010	うのはなづき	卯花月	うのはな-づき	JMdict	o	
582	954647-444-0034	じょうもく	條目	でう-もく	L	o	
583	954648-149-0026	はりがねひき	針金引	はりがね-ひき	align	o	
584	954647-151-0059	そくりょうかん	測量艦	そくりゃう-かん	align	o	
585	954647-044-0024	すえひろがり	末廣	すゑ-ひろがり	L	o	
586	954648-396-0038	まさこがた	政子形	まさこがた	align	o	
587	954646-033-0059	くずれいろ	崩色	くづれ-いろ	align	o	
588	954648-652-0004	りゅうずまき	龍頭卷	りゅうづ-まき	align	o	
589	954648-731-0023	おまつ	雄松	を-まつ	JMdict	o	
590	954648-373-0051	ほりかわもの	堀川物	ほりかは-もの	align	o	
591	954647-334-0016	ちょうほうらく	長保樂	ちゃうほう-らく	align	o	
592	954647-065-0033	せいようがみ	西洋紙	せいやうがみ	align	o	
593	954648-347-0068	ぼきがく	簿記學	ぼきがく	align	o	
594	954647-374-0004	ちんもち	賃餅	ちん-もち	JMdict	o	
595	954648-304-0021	ふれい	府令	ふれい	align	o	
596	954645-493-0022	かやはた	萱畑	かやはた	align	o	
597	954647-627-0022	なれそめr	馴初	なれ-そめる	align	o	
598	954648-128-0021	はなづま	花妻	はな-づま	align	o	
599	954645-068-0024	あぶらぼうず	油坊主	あぶら-ばうず	JMdict	o	
600	954648-113-0018	はじかわs	恥交	はぢ-かはす	align	o	
601	954647-572-0002	なかくぼ	中窪	なか-くぼ	align	o	
602	954647-387-0039	つきだし	附出	つき-だし	align	o	
603	954647-531-0008	となりぐに	隣國	となり-ぐに	align	o	
604	954646-315-0025	こんちゅうがく	昆蟲學	こんちゅう-がく	L	o	
605	954646-380-0045	ぞうひょう	雜兵	ざふひやう	L	o	
606	954646-491-0070	しみわたr	染亘	しみ-わたる	align	o	
607	954645-620-0035	きんいり	金入	きん-いり	align	o	
608	954645-081-0032	あゆみわたr	歩渡	あゆみ-わたる	align	o	
609	954647-300-0003	たんいせいしょく	單爲生殖	たんゐ-せいしょく	L	o	
610	954646-015-0026	くさりすぎ	鎖杉	くさり-すぎ	align	o	
611	954646-591-0047	しろみぐさ	白見草	しろみ-ぐさ	align	o	
612	954647-147-0008	ぞくこう	續稿	ぞく-かう	align	o	
613	954646-512-0037	じょうにち	上日	じゃう-にち	align	o	
614	954647-390-0024	つきよかげ	月夜影	つきよ-かげ	align	o	
615	954645-037-0033	あさのはな	麻花	あさ-の-はな	align	o	
616	954648-471-0044	みおすじ	澪筋	みを-すぢ	align	o	
617	954646-174-0028	けんちゅうし	檢注使	けんちゅうし	align	o	
618	954646-141-0026	けしょうづみ	化粧積	けしゃう-づみ	align	o	
619	954646-047-0057	くみかw	酌交	くみかはす	JMdict	o	
620	954645-445-0014	かつらかじ	桂楫	かつら-かぢ	align	o	
621	954648-093-0046	はぎれ	齒切	はぎれ	L	o	
622	954645-341-0023	おりべづかさ	織部司	おりべ-づかさ	align	o	
623	954646-168-0027	げんしそう	原始層	げんし-そう	align	o	
624	954645-611-0001	ぎょるいりょうり	魚類料理	ぎょるゐれうり	align	o	
625	954646-034-0030	くつわや	轡屋	くつわ-や	JMdict	o	
626	954645-209-0017	うたのつかさ	雅樂寮	うた-のつかさ	L	o	
627	954646-508-0018	しょうじんがため	精進固	しゃうじん-がため	align	o	
628	954647-456-0005	てっぽううんじょう	鐵砲運上	てっぱう-うんじゃう	align	o	
629	954647-258-0034	たずねくらs	尋暮	たづね-くらす	align	o	
630	954647-317-0039	じたま	地卵	ぢたま	align	o	
631	954646-094-0044	がび	畫眉	ぐわび	JMdict	o	
632	954646-411-0027	さんよかん	參與官	さんよ-くわん	L	o	
633	954646-436-0034	しこくめぐり	四國巡	しこく-めぐり	align	o	
634	954646-031-0005	くちわる	口惡	くち-わる	L	o	
635	954645-410-0026	がそうじゃ	我相者	がさう-じゃ	align	o	
636	954647-092-0002	せきりょう	赤龍	せきりょう	JMdict	o	
637	954648-554-0036	やくにんふう	役人風	やくにん-ふう	align	o	
638	954647-233-0016	たかほ	高帆	たかほ	align	o	
639	954648-507-0005	めしうど	召人	めし-うど	JMdict	o	
640	954648-103-0001	はこざいくし	箱細工師	はこざいく-し	align	o	
641	954647-614-0023	なまぶね	生船	なま-ぶね	align	o	
642	954645-218-0006	うつあさ	打麻	うつ-あさ	align	o	
643	954646-537-0006	しゅうもんあらため	宗門改	しゅうもん-あらため	JMdict	o	
644	954645-609-0025	きょはく	巨舶	きょ-はく	JMdict	o	
645	954648-035-0046	ぬきとり	拔取	ぬきとり	align	o	
646	954646-554-0012	しゅれん	珠簾	しゅ-れん	align	o	
647	954645-369-0014	こうしゃがん	硬砂岩	かうしゃがん	align	o	
648	954645-557-0013	きしr	軋・輾	きしる	L	o	
649	954646-019-0004	くずあん	葛餡	くず-あん	JMdict	o	
650	954648-143-0010	はやなえ	早苗	はやなへ	align	o	
651	954647-160-0039	そでなみぐさ	袖波草	そでなみ-ぐさ	align	o	
652	954645-254-0030	えいざんすみれ	叡山菫	えいざん-すみれ	JMdict	o	
653	954648-059-0023	のいくさ	野戰	の-いくさ	align	o	
654	954646-568-0054	しょくこう	蜀江	しょく-かう	align	o	
655	954646-241-0009	こさき	小前	こ-さき	align	o	
656	954645-628-0051	きんぞくしゃ	勤續者	きんぞく-しゃ	L	o	
657	954646-042-0033	くいつk	食盡	くひ-つくす	JMdict	o	
658	954646-568-0004	しょかく	書閣	しょ-かく	align	o	
659	954648-341-0050	ぼうあげ	棒上	ぼう-あげ	align	o	
660	954645-054-0025	あてこと	當事	あて-こと	L	o	
661	954646-444-0051	しじんき	四神旗	しじん-き	align	o	
662	954647-010-0003	すぎびゃくしん	杉柏心	すぎ-びゃくしん	align	o	
663	954646-391-0052	ざんう	殘雨	ざん-う	align	o	
664	954645-090-0032	あれねずみ	荒鼠	あれねずみ	align	o	
665	954648-463-0005	みみごと	耳言	みみ-ごと	align	o	
666	954648-052-0036	ねはんにしかぜ	涅槃西風	ねはん-にしかぜ	JMdict	o	
667	954648-530-0013	ものうり	物賣	もの-うり	L	o	
668	954648-416-0028	まみじろ	眉白	まみじろ	JMdict	o	
669	954645-457-0016	かわきんちゃく	革巾著	かはきんちゃく	align	o	
670	954646-223-0002	ごがいしょ	碁會所	ご-ぐわいしょ	align	o	
671	954647-044-0065	すんちょ	寸楮	すん-ちょ	JMdict	o	
672	954645-156-0018	いぬいし	犬醫師	いぬ-いし	align	o	
673	954648-527-0053	もとばらいうんちん	元拂運賃	もとばらひ-うんちん	align	o	
674	954647-280-0015	たみぐさ	民草	たみ-ぐさ	JMdict	o	
675	954648-257-0003	ふくしゃき	複寫器	ふくしゃ-き	align	o	
676	954648-584-0007	ゆぶみ	湯文	ゆ-ぶみ	align	o	
677	954648-064-0046	のこりぐさ	殘草	のこり-ぐさ	align	o	
678	954648-417-0048	まめのこめし	豆粉飯	まめのこめし	align	o	
679	954645-561-0059	きたがね	木鏨	きたがね	align	o	
680	954646-010-0027	くけだい	絎臺	くけ-だい	align	o	
681	954646-032-0008	くづくろい	句繕	く-づくろひ	align	o	
682	954648-146-0041	はらいうち	拂打	はらひ-うち	align	o	
683	954645-393-0018	かくあみ	角網	かく-あみ	align	o	
684	954648-671-0028	れんこく	輦轂	れん-こく	align	o	
685	954648-622-0005	ろうどう	郎黨	らうだう	JMdict	o	
686	954648-731-0059	おやまがた	小山形	をやま-がた	align	o	
687	954646-582-0059	しらはだ	白肌	しら-はだ	JMdict	o	
688	954645-193-0030	うきあg	浮上	うき-あがる	JMdict	o	
689	954646-156-0024	けまん	華鬘	け-まん	JMdict	o	
690	954648-259-0024	ふくひれいしき	複比例式	ふくひれいしき	align	o	
691	954645-616-0043	きりのれん	切暖簾	きり-のれん	JMdict	o	
692	954645-497-0013	からくりや	絡繰屋	からくり-や	align	o	
693	954646-483-0027	しゅうはいにん	集配人	しふはい-にん	JMdict	o	
694	954646-451-0060	したつ	紫闥	したつ	JMdict	o	
695	954648-643-0018	りっけんこく	立憲國	りっけん-こく	align	o	
696	954645-051-0061	あずけにん	預人	あづけ-にん	align	o	
697	954645-465-0019	かいおおい	貝覆	かひ-おほひ	JMdict	o	
698	954648-648-0045	りょうつら	兩面	りゃう-つら	align	o	
699	954646-484-0008	じゅうぼ	十母	じふぼ	align	o	
700	954648-141-0050	はやがい	早貝	はやがひ	align	o	
701	954647-469-0004	でんきだんぼう	電氣暖房	でんきだんばう	align	o	
702	954646-546-0026	しゅせい	種姓	しゅ-せい	JMdict	o	
703	954648-206-0040	ひとくずれ	人崩	ひと-くづれ	JMdict	o	
704	954647-317-0030	ちたがけあぶみ	知多懸鐙	ちたがけ-あぶみ	align	o	
705	954648-158-0032	ばんでおけ	番手桶	ばん-でをけ	align	o	
706	954648-643-0007	りつがくし	律學士	りつ-がくし	align	o	
707	954647-605-0051	なわのり	繩海苔	なは-のり	L	o	
708	954646-217-0057	こくせん	國宣	こく-せん	align	o	
709	954646-317-0019	こんぼ	昏暮	こん-ぼ	align	o	
710	954648-337-0003	へんj	變	へん-ず	L	o	
711	954647-135-0003	せんようらばん	船用羅盤	せんよう-らばん	align	o	
712	954645-110-0049	いかりまなこ	怒眼	いかり-まなこ	align	o	
713	954647-349-0046	ちゅうてい	中丁	ちゅう-てい	align	o	
714	954647-585-0043	なぐりづら	毆面	なぐり-づら	align	o	
715	954645-557-0040	きしんがく	鬼神學	きしん-がく	align	o	
716	954648-397-0052	ましばがき	眞柴垣	ましば-がき	L	o	
717	954646-279-0017	こなし	熟	こなし	JMdict	o	
718	954646-460-0042	じっけんかい	實驗界	じっけん-かい	align	o	
719	954648-143-0015	はやねり	早練	はや-ねり	align	o	
720	954647-062-0005	せいば	征馬	せいば	align	o	
721	954648-169-0038	ひがしびさし	東廂	ひがし-びさし	align	o	
722	954645-330-0043	おもてばんいし	表番醫師	おもて-ばんいし	align	o	
723	954645-633-0038	きんりさま	禁裏樣	きんり-さま	JMdict	o	
724	954648-729-0061	おのたすけ	尾助	を-の-たすけ	align	o	
725	954647-153-0015	そこく	祖國	そこく	L	o	
726	954648-190-0009	びしょく	美色	びしょく	align	o	
727	954645-517-0054	かんさくあんじゃ	監作行者	かんさく-あんじゃ	align	o	
728	954647-192-0025	だいしゅう	大舟	だい-しう	align	o	
729	954645-385-0036	がきあみ	餓鬼阿彌	がき-あみ	align	o	
730	954646-268-0016	ごてんじく	五天竺	ご-てんぢく	align	o	
731	954648-129-0022	はなばなs	花花	はなばなし	JMdict	o	
732	954646-328-0028	さいていこうい	裁定行爲	さいてい-かうゐ	align	o	
733	954648-350-0024	ほくぼう	北方	ほく-ばう	align	x	紙面は ほく-ぱう の可能性が高い（右肩の印が濁点か半濁点か判別しにくい。北方 は字音では ほっぽう/ほくはう で、ばう は考えにくい）。判断に迷い、誤りとして数えた
734	954645-159-0005	いのこし	射遺	いのこし	align	o	
735	954646-364-0012	さしおさえぶつ	差押物	さしおさへ-ぶつ	align	o	
736	954648-182-0045	ひごぼり	肥後彫	ひご-ぼり	align	o	
737	954648-355-0010	ほしく	星供	ほし-く	align	o	
738	954646-508-0051	じょうせい	上世	じゃう-せい	JMdict	o	
739	954646-520-0040	じゃぎょう	蛇形	じゃ-ぎゃう	align	o	
740	954645-038-0063	あさやけ	朝燒	あさ-やけ	L	o	
741	954645-273-0030	えんぶん	鹽分	えん-ぶん	L	o	
742	954648-296-0014	ふm	蹈・踐・践	ふむ	L	o	
743	954648-708-0021	いんざんしゅう	院參衆	ゐんざん-しゅう	align	o	
744	954647-261-0032	たてばなし	建放	たて-ばなし	align	o	
745	954645-481-0001	かまなり	釜鳴	かま-なり	align	o	
746	954648-144-0014	はやおけ	早桶	はや-をけ	JMdict	o	
747	954648-056-0047	ねんかん	年官	ねん-くわん	align	o	
748	954648-481-0049	むさや	無鞘	む-さや	align	o	
749	954645-589-0024	きょうせき	響石	きゃうせき	align	o	
750	954648-022-0010	にわこて	庭鏝	には-こて	align	o	
751	954645-271-0050	えんずい	延髓	えん-ずゐ	L	o	
752	954648-226-0009	ひゃくもんせん	百文錢	ひゃくもん-せん	align	o	
753	954648-166-0005	ひおうぎのまる	檜扇丸	ひあふぎ-のまる	align	o	
754	954648-126-0015	はなしくせ	話癖	はなし-くせ	align	o	
755	954645-621-0005	きんおう	金甌	きん-おう	align	o	
756	954645-115-0001	いくさよぼろ	軍丁	いくさよぼろ	align	o	
757	954646-302-0024	こやど	小宿	こ-やど	align	o	
758	954648-677-0043	おうそうかた	王相方	わうさう-かた	align	o	
759	954648-516-0005	めんばこ	面箱	めん-ばこ	align	o	
760	954647-216-0004	とうゆう	黨友	たう-いう	JMdict	o	
761	954648-276-0029	ふたつやま	二山	ふたつ-やま	align	o	
762	954648-350-0039	ぼくほん	木本	ぼく-ほん	align	o	
763	954648-427-0050	まんねんむすめ	萬年娘	まんねん-むすめ	JMdict	o	
764	954645-344-0012	おんじょうがく	音聲樂	おんじゃう-がく	align	o	
765	954646-577-0042	しょむ	所務	しょむ	JMdict	o	
766	954648-210-0032	ひのみばんにん	火見番人	ひのみ-ばんにん	align	o	
767	954647-102-0028	ぜっぺん	舌片	ぜっぺん	align	o	
768	954648-358-0047	ほそごえ	細聲	ほそごゑ	align	o	
769	954645-189-0043	いんにくいれ	印肉入	いんにく-いれ	align	o	
770	954645-243-0047	うらわたり	浦渡	うら-わたり	align	o	
771	954646-305-0029	これだけ	此丈	これ-だけ	JMdict	o	
772	954645-014-0051	あいしゅ	愛酒	あい-しゅ	JMdict	o	
773	954646-365-0022	さしこs	差越	さし-こす	JMdict	o	
774	954647-195-0040	だいしゅやく	大主鑰	だい-しゅやく	align	o	
775	954646-128-0017	けいほうがく	刑法學	けいはふ-がく	JMdict	o	
776	954648-054-0038	ねり	練	ねり	L	o	
777	954648-499-0045	めいけい	明經	めい-けい	L	o	
778	954648-244-0006	ふうきせん	風氣疝	ふうきせん	align	o	
779	954646-318-0026	こんえ	近衞	こん-ゑ	align	o	
780	954648-192-0037	びせつ	眉雪	び-せつ	JMdict	o	
781	954648-564-0031	やつうろこ	八鱗	やつ-うろこ	align	o	
782	954646-411-0037	さんらん	山巒	さん-らん	align	o	
783	954648-131-0040	はなれゆきわ	離雪輪	はなれ-ゆきわ	align	o	
784	954645-341-0026	おりべのじょう	織部佑	おりべ-のじょう	align	o	
785	954647-111-0044	せんがい	蘚蓋	せん-がい	align	o	
786	954648-019-0048	につみぶね	荷積船	につみ-ぶね	align	o	
787	954646-444-0024	ししん	紫宸	し-しん	align	o	
788	954648-144-0024	はよ	羽餘	は-よ	align	o	
789	954647-011-0008	すくじん	守宮神	すくじん	align	o	
790	954646-415-0001	しい	指意	しい	align	o	
791	954646-349-0057	さかなぼうちょう	魚庖丁	さかな-ばうちゃう	align	o	
792	954645-121-0014	いしだんいし	石段石	いしだん-いし	align	o	
793	954647-475-0019	てんじんわげ	天神髷	てんじん-わげ	align	o	
794	954646-008-0022	くぎょうきゅう	公卿給	くぎゃう-きふ	align	o	
795	954647-429-0064	ていこう	丁香	てい-かう	align	o	
796	954645-165-0037	いいおち	言落	いひ-おち	align	o	
797	954646-513-0029	しょうばいにん	商賣人	しゃうばい-にん	L	o	
798	954645-282-0044	おくじゅしゃ	奧儒者	おくじゅしゃ	align	o	
799	954645-279-0064	おきちがe	置違	おき-ちがへる	JMdict	o	
800	954645-181-0070	いりん	彝倫	いりん	align	o	
801	954645-566-0013	きつきつ	屹屹	きつきつ	align	o	
802	954647-238-0043	たくわえきん	貯金	たくはへ-きん	align	o	
803	954647-335-0001	ちょうやく	町役	ちゃう-やく	align	o	
804	954647-464-0038	てりとおr	照徹	てり-とほる	align	o	
805	954648-206-0001	ひとき	日時	ひとき	align	o	
806	954646-075-0001	かいそうかぶつ	囘漕貨物	くわいさう-くわぶつ	align	o	
807	954646-077-0035	がいど	外土	ぐわい-ど	align	o	
808	954645-160-0009	いわいし	岩石	いは-いし	align	o	
809	954645-316-0056	おおたかがり	大鷹狩	おほたか-がり	JMdict	o	
810	954646-152-0027	けぬきおや	毛拔親	けぬき-おや	align	o	
811	954646-509-0009	じょうせきしゃ	上席者	じゃうせき-しゃ	align	o	
812	954645-317-0003	おおたまじゃり	大玉砂利	おほたまじゃり	align	o	
813	954648-381-0027	ほんばつ	本末	ほん-ばつ	align	o	
814	954647-027-0029	すみうまだし	角馬出	すみ-うまだし	align	o	
815	954646-191-0044	こうぎょうじょう	工業場	こうげふ-ぢゃう	align	o	
816	954648-077-0033	のりにげ	乘逃	のりにげ	L	o	
817	954648-230-0057	ひらそう	平僧	ひら-そう	align	o	
818	954648-339-0033	へんら	扁螺	へんら	align	o	
819	954648-287-0016	ぶとく	武徳	ぶ-とく	JMdict	o	
820	954646-560-0039	しゅんりゅう	春柳	しゅん-りう	align	o	
821	954646-188-0053	こうがい	口葢	こう-がい	align	o	
822	954647-028-0010	すみたてかく	隅立角	すみたて-かく	align	o	
823	954646-248-0028	こしぶみ	腰文	こし-ぶみ	align	o	
824	954645-400-0054	がくりき	學力	がく-りき	align	o	
825	954646-476-0006	しほうくいき	司法區域	しはふ-くゐき	align	o	
826	954648-452-0009	みずとりぶね	水取船	みづとり-ぶね	align	o	
827	954648-427-0009	まんどう	萬燈	まん-どう	L	o	
828	954648-577-0005	ゆさんぶね	遊山船	ゆさんぶね	JMdict	o	
829	954646-110-0028	ぐんき	軍氣	ぐんき	align	o	
830	954647-150-0007	そくたつとりあつかい	速達取扱	そくたつ-とりあつかひ	align	o	
831	954645-377-0035	こうもんれっしょう	肛門裂傷	かうもん-れっしゃう	align	o	
832	954646-029-0001	くちならし	口馴	くち-ならし	JMdict	o	
833	954648-659-0005	りんおう	輪王	りん-わう	align	o	
834	954645-401-0003	かくれい	閣令	かく-れい	align	o	
835	954645-591-0003	きょうとひけし	京都火消	きゃうと-ひけし	align	o	
836	954647-158-0007	そちゅう	蛆蟲	そ-ちゅう	align	o	
837	954645-520-0063	がんせい	眼勢	がん-せい	align	o	
838	954647-201-0020	たいちしきばん	太一式盤	たいちしきばん	align	o	
839	954645-490-0044	かめぶし	龜節	かめ-ぶし	L	o	
840	954646-485-0048	しへん	四邊	し-へん	L	o	
841	954645-324-0017	おおものいみ	大物忌	おほものいみ	align	o	
842	954645-276-0018	おいにょうぼう	老女房	おい-にょうばう	align	o	
843	954646-259-0038	こだいすず	古代鈴	こだい-すず	align	o	
844	954648-524-0010	もちなわ	黐繩	もち-なは	align	o	
845	954646-091-0022	かたいてじょう	過怠手錠	くわたい-てぢゃう	align	o	
846	954646-592-0046	しわm	皺	しわむ	align	o	
847	954645-227-0029	うわざし	上差	うはざし	align	o	
848	954647-044-0066	すんてつ	寸鐵	すん-てつ	L	o	
849	954645-141-0011	いつきないしんおう	齋内親王	いつき-ないしんわう	align	o	
850	954648-182-0005	ひこおび	彦帶	ひこ-おび	align	o	
851	954648-373-0039	ほらどこ	洞床	ほら-どこ	align	o	
852	954646-042-0051	くびつり	首釣	くび-つり	JMdict	o	
853	954645-400-0010	かくよう	各樣	かく-やう	L	o	
854	954645-132-0041	いちげんきゃく	一見客	いちげん-きゃく	JMdict	o	
855	954646-282-0015	このはほうず	木葉坊主	このは-はうず	align	o	
856	954646-087-0043	くわけ	區分	くわけ	L	o	
857	954647-586-0032	なげきあかs	歎明	なげき-あかす	align	o	
858	954646-234-0033	こころおきて	心掟	こころ-おきて	align	o	
859	954645-419-0050	かしん	家親	かしん	align	o	
860	954648-070-0025	のぶすま	野衾	の-ぶすま	JMdict	o	
861	954647-009-0072	すぎはらぐも	杉原雲	すぎはら-ぐも	align	o	
862	954645-532-0024	きゅうゆう	舊友	きういう	L	o	
863	954648-188-0044	ひじょうごう	非成業	ひ-じゃうごふ	align	o	
864	954648-665-0036	れいだい	靈臺	れい-だい	JMdict	o	
865	954648-574-0021	ゆきはなr	行離	ゆき-はなる	align	o	
866	954648-538-0012	もりはいのざ	守拜座	もり-はいのざ	align	o	
867	954647-308-0025	じきとり	直取	ぢき-とり	align	o	
868	954647-054-0030	せいしゅう	正秋	せいしう	align	o	
869	954646-214-0032	こくがいしゅけん	國外主權	こくぐわい-しゅけん	align	o	
870	954648-111-0019	はたまた	將又	はた-また	JMdict	o	
871	954647-465-0029	ておのはじめ	手斧始	てをの-はじめ	align	o	
872	954648-110-0018	はたすすき	旗薄	はた-すすき	align	o	
873	954645-121-0016	いしじぬり	石地塗	いしぢ-ぬり	align	o	
874	954646-512-0041	じょうにん	情人	じゃうにん	JMdict	o	
875	954648-665-0052	れいじょう	藜杖	れい-ぢゃう	align	o	
876	954646-021-0028	ぐせつ	愚拙	ぐせつ	align	o	
877	954646-052-0028	くもみず	雲水	くもみづ	JMdict	o	
878	954648-441-0062	みそやき	味噌燒	みそ-やき	L	o	
879	954648-272-0006	ふしょうしゃ	不肖者	ふせう-しゃ	align	o	
880	954647-503-0001	どうもんしゅう	同聞衆	どうもん-しゅう	align	o	
881	954645-151-0009	いどう	椅桐	い-どう	align	o	
882	954645-420-0009	かすか	幽	かすか	JMdict	o	
883	954647-463-0016	でやく	出役	で-やく	JMdict	o	
884	954648-390-0049	まきじく	卷軸	まきぢく	L	o	
885	954648-557-0054	やこえのとり	八聲鳥	やこゑ-の-とり	align	o	
886	954648-174-0045	ひきずりげた	引摺下駄	ひきずり-げた	align	o	
887	954647-205-0046	たいはく	大白	たい-はく	JMdict	o	
888	954645-441-0006	かちゅう	夏蟲	かちゅう	align	o	
889	954645-098-0044	あんどんばかま	行燈袴	あんどん-ばかま	JMdict	o	
890	954645-523-0029	かんじょうやく	勘定役	かんぢゃう-やく	align	o	
891	954646-366-0049	さしぬき	指貫	さし-ぬき	JMdict	o	
892	954647-108-0014	せめよs	攻寄	せめ-よす	JMdict	o	
893	954646-514-0038	しょうぶ	象舞	しゃう-ぶ	align	o	
894	954646-251-0032	こしょう	古松	こ-しょう	JMdict	o	
895	954646-491-0003	しまべ	島邊	しまべ	align	o	
896	954647-111-0039	せんかあわせ	選歌合	せんか-あはせ	align	o	
897	954645-519-0026	かんじゅ	干珠	かん-じゅ	align	o	
898	954646-591-0036	しろぼり	城壕	しろ-ぼり	align	o	
899	954646-197-0030	こうじょうていとう	工場抵當	こうぢゃう-ていたう	align	o	
900	954648-277-0013	ふたまただいこん	二俣大根	ふたまた-だいこん	align	o	
901	954645-463-0039	かわりざけ	變酒	かはり-ざけ	align	o	
902	954648-450-0041	みつしろぐさ	三白草	みつしろ-ぐさ	align	o	
903	954646-590-0073	しろねり	白練	しろねり	align	o	
904	954647-096-0028	せっかは	雪荷派	せっか-は	align	o	
905	954648-045-0017	ねくたr	寐腐	ね-くたる	align	o	
906	954646-082-0054	こうせん	鑛泉	くわう-せん	L	o	
907	954645-164-0056	いわろく	岩緑	いは-ろく	align	o	
908	954648-621-0047	ろうそう	老叟	らう-そう	align	o	
909	954646-238-0038	こころまさり	心勝	こころまさり	JMdict	o	
910	954646-476-0036	しはらい	仕拂	し-はらひ	align	o	
911	954648-345-0028	ほうのうずもう	奉納相撲	ほうなふ-ずまう	JMdict	o	
912	954648-331-0009	へびぜめ	蛇責	へび-ぜめ	JMdict	o	
913	954648-300-0017	ふりすt	振捨	ふり-すてる	JMdict	o	
914	954646-123-0006	けいじじょうがく	形而上學	けいじじゃう-がく	L	o	
915	954645-037-0036	あさはた	麻機	あさ-はた	align	o	
916	954647-111-0031	せんか	船下	せんか	align	o	
917	954648-541-0017	もんちゅうぶぎょう	門注奉行	もんちゅう-ぶぎゃう	align	o	
918	954647-233-0023	たかまげ	高髷	たか-まげ	align	o	
919	954647-343-0027	ちゅうぎょしゃ	中馭者	ちゅう-ぎょしゃ	align	o	
920	954647-236-0005	たきすさm	焚荒	たき-すさむ	align	o	
921	954645-076-0034	あみづな	網綱	あみ-づな	align	o	
922	954647-476-0003	でんせき	田積	でん-せき	align	o	
923	954647-190-0021	たいこん	胎金	たい-こん	align	o	
924	954646-253-0038	こしんけい	股神經	こ-しんけい	align	o	
925	954647-251-0027	たちかかり	裁掛	たちかかり	align	o	
926	954645-616-0056	きりはてr	切果	きり-はてる	align	o	
927	954646-120-0030	けいごにん	警固人	けいご-にん	align	o	
928	954645-242-0038	うらぼたん	裏牡丹	うら-ぼたん	align	o	
929	954645-394-0002	かくかく	客格	かく-かく	align	o	
930	954645-484-0020	かみがて	神手	かみがて	align	o	
931	954646-222-0010	ごくらくかい	極樂界	ごくらく-かい	align	o	
932	954647-169-0021	そめわたs	染渡	そめわたす	align	o	
933	954646-582-0028	しらどり	白鳥	しら-どり	align	o	
934	954646-260-0002	ごだいりき	五大力	ご-だいりき	align	o	
935	954646-145-0041	げっかい	月界	げっかい	align	o	
936	954645-435-0007	かたぶくろ	肩袋	かた-ぶくろ	align	o	
937	954646-032-0051	くつぞこがれい	沓底鰈	くつぞこ-がれひ	align	o	
938	954647-288-0003	たんこうほう	單行法	たんかう-はふ	align	o	
939	954648-220-0024	ひょうしごと	拍子事	ひゃうし-ごと	align	o	
940	954648-022-0015	にわざくら	庭櫻	には-ざくら	JMdict	o	
941	954646-572-0002	しょぐん	諸軍	しょ-ぐん	align	o	
942	954645-427-0048	かたおい	片生	かた-おひ	align	o	
943	954647-263-0010	たどり	辿	たどり	align	o	
944	954645-627-0030	きんしゅ	琴酒	きんしゅ	align	o	
945	954646-300-0045	こもちみつどもえ	子持三巴	こもち-みつどもゑ	align	o	
946	954646-317-0018	ごんべんじ	權辨事	ごん-べんじ	align	o	
947	954648-499-0022	めいかん	明鑒	めい-かん	align	o	
948	954648-342-0003	ほういん	寶印	ほう-いん	L	o	
949	954647-156-0018	そぜん	疎髯	そぜん	align	o	
950	954648-375-0005	ほろかけ	幌掛	ほろ-かけ	align	o	
951	954645-072-0063	あまつみや	天宮	あま-つ-みや	align	o	
952	954647-573-0020	ながしさくはた	流作畑	ながしさく-はた	align	o	
953	954648-477-0056	むぎゆ	麥湯	むぎ-ゆ	L	o	
954	954645-022-0057	あがもの	贖物	あが-もの	align	o	
955	954648-448-0048	みづき	見突	み-づき	align	o	
956	954647-031-0048	すりもよう	摺模樣	すり-もやう	align	o	
957	954645-472-0024	ごうひゃく	合百	がふ-ひゃく	align	o	
958	954645-561-0028	きたい	貴體	き-たい	align	o	
959	954648-365-0015	ほていばら	布袋腹	ほてい-ばら	JMdict	o	
960	954646-401-0006	さんしょく	蠶織	さん-しょく	align	o	
961	954647-245-0017	だしみせ	出見世	だし-みせ	JMdict	o	
962	954647-165-0058	そひん	麁品・粗品	そひん	JMdict	o	
963	954646-175-0022	けんど	權度	けん-ど	align	o	
964	954647-303-0001	じうち	地打	ぢ-うち	align	o	
965	954645-385-0030	かきあわせ	掻合	かき-あはせ	align	o	
966	954646-487-0062	しおに	鹽荷	しほに	align	o	
967	954647-058-0016	せいぞろえ	背揃	せい-ぞろへ	align	o	
968	954647-335-0055	ちゃがのこ	茶鹿子	ちゃがのこ	align	o	
969	954647-318-0068	ちぢみせんりょう	縮線綾	ちぢみ-せんりょう	align	o	
970	954645-092-0047	あおきいと	靑黃絲	あを-きいと	align	o	
971	954647-221-0045	とうせいおんな	當世女	たうせい-をんな	align	o	
972	954648-044-0037	ねがいさg	願下	ねがひ-さぐ	JMdict	o	
973	954646-296-0043	こまい	木舞	こ-まひ	JMdict	o	
974	954648-651-0009	りゅうがん	龍顏	りゅう-がん	align	o	
975	954647-049-0017	せいきゅうけん	請求權	せいきう-けん	L	o	
976	954646-485-0018	じぶんがって	自分勝手	じぶん-がって	JMdict	o	
977	954646-560-0018	しゅんぽう	峻峰	しゅんぽう	JMdict	o	
978	954645-444-0036	がっぺき	合壁	がっ-ぺき	JMdict	o	
979	954648-538-0053	もろこしぶね	唐土船	もろこし-ぶね	JMdict	o	
980	954647-203-0002	だいどうみゃくかん	大動脈幹	だいどうみゃく-かん	align	o	
981	954646-451-0008	したざや	下鞘	した-ざや	align	o	
982	954646-214-0040	こくぐん	國郡	こくぐん	L	o	
983	954646-455-0010	しちかぶ	質株	しちかぶ	align	o	
984	954646-351-0016	さかやまい	酒疾	さか-やまひ	align	o	
985	954646-520-0022	じゃがんせき	蛇含石	じゃがん-せき	align	o	
986	954645-099-0052	あんらくこく	安樂國	あんらく-こく	L	o	
987	954645-549-0044	きけつかん	已決監	きけつかん	align	o	
988	954647-308-0011	じきしじょう	直市場	ぢき-しぢゃう	align	o	
989	954646-376-0037	さにぬり	佐丹塗	さ-にぬり	align	o	
990	954648-194-0051	ひたごころ	直心	ひた-ごころ	align	o	
991	954646-238-0046	こころみがお	心見顏	こころみ-がほ	align	o	
992	954646-420-0010	しゅうぜいぶちょう	收稅部長	しうぜいぶ-ちゃう	align	o	
993	954647-628-0037	なんきんいばら	南京棘	なんきん-いばら	align	o	
994	954647-578-0002	なかふね	中船	なか-ふね	align	o	
995	954648-020-0035	にないしょうこ	擔鉦鼓	になひ-しゃうこ	align	o	
996	954645-399-0005	かくはつ	鶴髮	かく-はつ	align	o	
997	954646-279-0016	こなさま	此方樣	こな-さま	JMdict	o	
998	954648-605-0021	よなg	淘	よなげる	JMdict	o	
999	954648-150-0021	はりだこ	張蛸	はり-だこ	align	o	
1000	954645-112-0055	いきどころ	行所	いき-どころ	JMdict	o	
1001	954648-557-0055	やさ	優	やさ	JMdict	o	
1002	954648-161-0015	ばんぶくろ	番袋	ばん-ぶくろ	align	o	
1003	954645-455-0021	かのくに	彼國	かのくに	JMdict	o	
1004	954647-290-0026	だんこう	男工	だん-こう	JMdict	o	
1005	954645-511-0057	かろm	輕	かろむ	align	o	
1006	954648-173-0021	ひきがたり	彈語	ひき-がたり	L	o	
1007	954647-008-0042	すきがき	透垣	すき-がき	align	o	
1008	954646-555-0011	しゅんう	峻宇	しゅん-う	align	o	
1009	954647-539-0009	とおたび	遠旅	とほ-たび	align	o	
1010	954645-301-0017	おなかごころ	御中心	おなか-ごころ	align	o	
1011	954646-036-0069	くにどなり	國隣	くに-どなり	align	o	
1012	954648-293-0020	ふぶん	風聞	ふぶん	align	o	
1013	954646-259-0036	ごだいしゅう	五大洲	ご-だいしう	JMdict	o	
1014	954647-276-0043	たまくしろ	玉釧	たま-くしろ	align	o	
1015	954645-427-0005	かたいこつ	下腿骨	かたい-こつ	JMdict	o	
1016	954646-428-0014	しきゅう	屍柩	し-きう	align	o	
1017	954646-024-0006	くだばり	管鍼	くだ-ばり	align	o	
1018	954645-513-0026	かんか	間暇	かんか	JMdict	o	
1019	954646-212-0045	こくゆうりんや	國有林野	こくいうりんや	JMdict	o	
1020	954647-199-0027	だいぜんのかみ	大膳頭	だいぜん-の-かみ	align	o	
1021	954648-100-0028	はくむし	箔蟲	はく-むし	align	o	
1022	954647-475-0017	でんしんりょう	電信寮	でんしん-れう	align	o	
1023	954648-631-0005	らんびょうし	亂拍子	らん-びゃうし	L	o	
1024	954648-275-0055	ふたついりちがいがめ	二入違龜	ふたつ-いりちがひがめ	align	o	
1025	954645-519-0042	かんしょ	閑所	かん-しょ	JMdict	o	
1026	954646-339-0017	そうじためんたい	相似多面體	さうじ-ためんたい	align	o	
1027	954645-217-0018	うちゆい	内結	うち-ゆひ	align	o	
1028	954648-668-0027	れきしょ	曆書	れきしょ	L	o	
1029	954645-523-0025	かんじょうちがい	勘定違	かんぢゃう-ちがひ	JMdict	o	
1030	954646-197-0029	こうじょうちょきん	工場貯金	こうぢゃう-ちょきん	align	o	
1031	954646-599-0028	しんけん	親卷	しん-けん	align	x	紙面の表記は 親眷（眷 を 卷 と誤読）
1032	954645-214-0071	うじのこ	氏子	うぢの-こ	align	o	
1033	954648-084-0035	はいせん	廢船	はい-せん	L	o	
1034	954648-305-0009	ふろちゃ	風爐茶	ふろ-ちゃ	align	o	
1035	954648-288-0059	ふなかげ	船影	ふな-かげ	JMdict	o	
1036	954648-579-0009	ゆずりあu	讓合	ゆづり-あふ	JMdict	o	
1037	954646-462-0012	じつだん	實彈	じつ-だん	L	o	
1038	954645-152-0005	いとしん	絲心	いと-しん	align	o	
1039	954646-401-0036	さんs	參	さんす	L	o	
1040	954648-149-0057	はりごと	張言	はり-ごと	align	o	
1041	954647-315-0006	じしちょう	地子帳	ぢし-ちゃう	align	o	
1042	954645-400-0045	かぐらぶえ	神樂笛	かぐらぶえ	L	o	
1043	954646-265-0043	こっとうてん	骨董店	こっとう-てん	JMdict	o	
1044	954646-523-0017	じゃくてき	若敵	じゃく-てき	align	o	
1045	954645-171-0028	いえな	家名	いへな	align	o	
1046	954645-383-0054	かかりくち	懸口	かかり-くち	align	o	
1047	954647-034-0014	すいきゃく	水脚	すゐ-きゃく	align	o	
1048	954647-173-0027	そりよつめびし	反四目菱	そり-よつめびし	align	o	
1049	954648-549-0025	やきいん	燒印	やき-いん	L	o	
1050	954648-471-0052	みんがく	明樂	みん-がく	JMdict	o	
1051	954645-017-0043	あかおおね	赤大根	あかおほね	align	o	
1052	954647-082-0013	しょうもち	抄物	せう-もち	align	o	
1053	954646-251-0030	ごしょ	御書	ご-しょ	JMdict	o	
1054	954648-350-0052	ぼくり	木履	ぼくり	JMdict	o	
1055	954648-029-0004	にょうごばら	女御腹	にょうごばら	align	o	
1056	954647-547-0022	とらつぐみ	虎鶇	とら-つぐみ	JMdict	o	
1057	954647-575-0001	なかちがい	中違	なか-ちがひ	align	o	
1058	954646-243-0018	こし	故紙・古紙	こ-し	JMdict	o	
1059	954645-104-0038	ゆうとうじ	遊蕩兒	いうたう-じ	JMdict	o	
1060	954648-506-0046	めざm	目覺	め-ざまし	L	o	
1061	954645-179-0036	いらだかあじ	苛高鰺	いらだかあぢ	align	o	
1062	954647-595-0056	なつこく	夏石	なつ-こく	align	o	
1063	954646-587-0011	しるしがね	印金	しるし-がね	align	o	
1064	954648-711-0016	えさしざお	餌刺竿	ゑさしざを	align	o	
1065	954647-077-0004	しょうせい	笑聲	せうせい	L	o	
1066	954646-202-0028	こうろう	功勞	こうらう	L	o	
1067	954648-232-0046	びらんばふう	毗藍婆風	びらんば-ふう	align	o	
1068	954645-240-0022	うらがぶぎょう	浦賀奉行	うらがぶぎゃう	JMdict	o	
1069	954648-625-0048	らくのりもの	樂乘物	らく-のりもの	align	o	
1070	954645-063-0018	あいでん	相殿・合殿	あひ-でん	JMdict	o	
1071	954646-187-0022	こいとやき	小絲燒	こいと-やき	align	o	
1072	954645-626-0047	きんしまき	金絲卷	きんし-まき	align	o	
1073	954647-273-0035	とうりん	塔輪	たふ-りん	align	o	
1074	954648-058-0032	ねんぶつしゅう	念佛宗	ねんぶつ-しゅう	JMdict	o	
1075	954646-092-0033	かっしあ	括矢亞	くわっしあ	align	o	
1076	954647-590-0002	なざしにん	名指人	なざし-にん	align	o	
1077	954648-547-0008	ようめいがくは	陽明學派	やうめいがくは	align	o	
1078	954645-556-0011	きしょうもの	氣性者	きしゃう-もの	align	o	
1079	954648-708-0049	いんのてんそう	院傳奏	ゐん-の-てんそう	align	o	
1080	954646-336-0005	そうぐうせん	遭遇戰	さうぐう-せん	JMdict	o	
1081	954645-328-0019	おもあら	面荒	おも-あら	align	o	
1082	954646-158-0026	けり	鳧・計里	けり	L	o	
1083	954645-030-0027	あくほう	惡法	あく-ほふ	L	o	
1084	954646-123-0037	けいしょう	啓將	けい-しゃう	align	o	
1085	954645-405-0019	かけとどまr	懸留	かけ-とどまる	align	o	
1086	954645-181-0064	いりわ	入輪	いりわ	align	o	
1087	954647-287-0023	たんえん	淡烟	たん-えん	align	o	
1088	954645-592-0005	きょうはぶたえ	京羽二重	きゃう-はぶたへ	align	o	
1089	954648-707-0012	いやじろ	禮代	ゐやじろ	align	o	
1090	954646-310-0025	こんいんよやく	婚姻豫約	こんいん-よやく	align	o	
1091	954646-399-0005	さんしきすみれ	三色菫	さんしき-すみれ	JMdict	o	
1092	954646-551-0049	じゅぶつ	儒佛	じゅぶつ	L	o	
1093	954647-091-0027	せきやま	關山	せき-やま	L	o	
1094	954645-538-0058	きかいぐち	機械口	きかい-ぐち	align	o	
1095	954647-029-0028	すみえ	墨繪	すみゑ	L	o	
1096	954647-281-0056	だめんき	打綿機	だめん-き	align	o	
1097	954646-476-0001	しわぶきやみ	咳病	しはぶき-やみ	align	o	
1098	954647-459-0047	てばらい	手拂	て-ばらひ	align	o	
1099	954645-189-0004	いんせい	陰晴	いんせい	JMdict	o	
1100	954645-347-0046	がいえい	孩嬰	がい-えい	align	o	
1101	954646-158-0057	げい	外位	げ-ゐ	align	o	
1102	954645-493-0037	かやや	茅屋	かやや	JMdict	o	
1103	954645-601-0014	きょうとく	凶徳	きょう-とく	align	o	
1104	954645-276-0031	おいえ	御家	おいへ	JMdict	o	
1105	954648-071-0033	のぼりがく	上樂	のぼり-がく	align	o	
1106	954647-294-0003	たんせき	痰積	たん-せき	align	o	
1107	954646-058-0039	くりあw	繰合	くり-あはす	JMdict	o	
1108	954648-149-0033	はりかえもち	張替持	はりかへ-もち	align	o	
1109	954647-360-0004	ちょくせつだんぱん	直接談判	ちょくせつ-だんぱん	align	o	
1110	954647-211-0041	たいようまつり	太陽祭	たいやう-まつり	align	o	
1111	954645-241-0034	うらつき	裏附	うらつき	align	o	
1112	954646-601-0039	じんぞうしょうのう	人造樟腦	じんざう-しゃうなう	align	o	
1113	954645-174-0024	いまわしさ	忌	いまはしさ	align	o	
1114	954645-048-0012	あだぶし	徒臥	あだ-ぶし	align	o	
1115	954647-579-0019	ながめごえ	詠聲	ながめ-ごゑ	align	o	
1116	954647-279-0007	たまぶちがさ	玉縁笠	たまぶちがさ	align	o	
1117	954647-029-0005	すみや	炭屋	すみ-や	JMdict	o	
1118	954646-432-0067	しか	齒科	しくわ	L	o	
1119	954645-595-0034	ぎゃくろう	逆浪	ぎゃく-らう	JMdict	o	
1120	954647-434-0004	ていしょうきゅうすう	遞昇級數	ていしょうきふすう	align	o	
1121	954646-330-0006	さいほうえき	細胞液	さいはう-えき	align	o	
1122	954648-072-0033	のみくらu	飮食	のみ-くらふ	align	o	
1123	954645-227-0032	うわざしぶくろ	上刺袋	うはざし-ぶくろ	align	o	
1124	954646-503-0005	しょうぎょうほう	商業法	しゃうげふ-はふ	align	o	
1125	954647-458-0013	てなえやまい	手萎病	てなへ-やまひ	align	o	
1126	954648-531-0022	ものし	物仕	ものし	align	o	
1127	954648-116-0002	はちまえ	鉢前	はち-まへ	align	o	
1128	954648-677-0036	おうごんぶつ	黄金佛	わうごん-ぶつ	align	o	
1129	954647-371-0037	じんぜん	陣前	ぢん-ぜん	align	o	
1130	954648-418-0040	まゆたれ	眉垂	まゆ-たれ	align	o	
1131	954646-160-0045	げんえきへい	現役兵	げんえき-へい	align	o	
1132	954648-061-0013	のうじ	農時	のうじ	align	o	
1133	954647-591-0033	なすか	茄科	なす-くわ	align	o	
1134	954648-599-0013	よせあわせびし	寄合菱	よせあはせ-びし	align	o	
1135	954647-412-0007	つまごい	妻戀	つま-ごひ	L	o	
1136	954645-473-0021	かぶりの	冠幅	かぶりの	align	o	
1137	954648-201-0024	ひつどう	筆道	ひつ-だう	align	o	
1138	954647-614-0027	なまえかんばん	名前看板	なまへかんばん	align	o	
1139	954647-279-0043	たまゆか	玉床	たま-ゆか	align	o	
1140	954646-304-0003	ごりゅう	五流	ご-りう	align	o	
1141	954645-307-0048	おびどめ	帶留	おび-どめ	L	o	
1142	954645-486-0001	かみつせ	上瀬	かみつせ	align	o	
1143	954646-465-0018	じてい	耳底	じてい	JMdict	o	
1144	954647-241-0004	たけがさ	竹笠	たけ-がさ	JMdict	o	
1145	954647-027-0058	すみごろも	墨衣	すみ-ごろも	align	o	
1146	954648-193-0022	ひせんにん	被選人	ひせん-にん	align	o	
1147	954648-667-0031	りょうちしゅぎ	了知主義	れうちしゅぎ	align	o	
1148	954646-520-0034	じゃぎゅう	麝牛	じゃぎう	align	o	
1149	954647-387-0028	つきすて	突捨	つき-すて	align	o	
1150	954645-273-0054	えんみゃく	縁脈	えん-みゃく	align	o	
1151	954647-570-0008	ながあわび	長蚫	なが-あはび	align	o	
1152	954647-034-0007	ずいき	隨氣	ずゐ-き	align	o	
1153	954648-569-0017	やなぎだな	柳棚	やなぎ-だな	align	o	
1154	954645-456-0042	がほう	牙保	がはう	align	o	
1155	954647-097-0033	せっかん	攝關	せっくわん	L	o	
1156	954647-452-0029	でちがえ	出違	でちがへ	align	o	
1157	954648-223-0002	ひょうえ	兵衞	ひゃう-ゑ	L	o	
1158	954647-305-0062	ちがいどう	違胴	ちがひ-どう	align	o	
1159	954646-432-0020	しぐうしき	四宮職	し-ぐうしき	align	o	
1160	954648-440-0008	みせば	身狹	み-せば	align	o	
1161	954645-025-0006	あきがわり	商變	あき-がはり	align	o	
1162	954647-347-0008	ちゅうしょうぐん	中將軍	ちゅう-しゃうぐん	align	o	
1163	954645-565-0002	きちやりゅう	吉彌流	きちや-りう	align	o	
1164	954645-165-0010	いいあt	言中	いひあてる	JMdict	o	
1165	954648-239-0048	ひんぬk	引拔	ひん-ぬく	JMdict	o	
1166	954647-335-0023	ちょうり	張里	ちゃう-り	align	o	
1167	954646-363-0063	さしいれひん	差入品	さしいれ-ひん	align	o	
1168	954647-518-0017	とこのやま	床山	とこ-の-やま	align	o	
1169	954648-681-0009	わかごも	若菰	わか-ごも	align	o	
1170	954646-120-0032	けいこばかま	稽古袴	けいこ-ばかま	align	o	
1171	954645-215-0033	うちばかま	打袴	うち-ばかま	align	o	
1172	954648-530-0018	ものおそr	物恐	もの-おそろし	JMdict	o	
1173	954647-449-0052	でくわs	出交	で-くはす	JMdict	o	
1174	954645-475-0026	かえづる	替弦	かへ-づる	align	o	
1175	954646-594-0028	しんいん	信印	しん-いん	align	o	
1176	954646-200-0008	こうほうがく	公法學	こうはふ-がく	align	o	
1177	954646-481-0015	じゅうじせき	十字石	じふじ-せき	JMdict	o	
1178	954647-328-0021	ちょうこ	長古	ちゃう-こ	align	o	
1179	954645-287-0048	おしあk	押開	おし-あく	JMdict	o	
1180	954646-005-0017	くうきじゅう	空氣銃	くうき-じゅう	L	o	
1181	954645-265-0010	えにち	縁	えにち	align	o	
1182	954647-066-0027	せいゆ	聖諭	せい-ゆ	align	o	
1183	954647-360-0032	ちょくほうたい	直方體	ちょくはうたい	L	o	
1184	954645-319-0060	おおばこか	車前科	おほばこ-くわ	JMdict	o	
1185	954646-495-0032	しものへや	下部屋	しもの-へや	JMdict	o	
1186	954648-200-0042	ひつじあぶら	羊脂	ひつじ-あぶら	align	o	
1187	954647-447-0046	てきがん	敵丸	てき-ぐわん	align	o	
1188	954645-198-0023	うけつg	受繼	っけ-つぐ	L	o	
1189	954648-440-0014	みせばんにん	店番人	みせ-ばんにん	align	o	
1190	954648-691-0002	わちがい	輪違	わちがひ	align	o	
1191	954647-394-0004	つくりざま	作樣	つくり-ざま	align	o	
1192	954648-533-0034	もっぱら	專	もはら	JMdict	x	紙面は もはら（古語の見出し）。JMdict の「古い読み」から現代の読み もっぱら に置き換えて、底本の語形と違う
1193	954645-518-0051	かんしつ	寒疾	かんしつ	align	o	
1194	954645-364-0013	こうかく	行客	かう-かく	align	o	
1195	954646-190-0006	こうぎょうにん	興行人	こうぎゃうにん	align	o	
1196	954645-127-0064	いたくがくせい	依託學生	いたく-がくせい	L	o	
1197	954648-517-0049	もえひろg	燃廣	もえ-ひろがる	JMdict	o	
1198	954646-417-0039	しゅうきうんどう	週期運動	しうき-うんどう	align	o	
1199	954648-355-0047	ほしなじる	乾菜汁	ほしなじる	JMdict	o	
1200	954648-060-0034	のうこう	農功	のう-こう	align	o	
1201	954645-072-0049	あまつひと	天津人	あま-つ-ひと	align	o	
1202	954646-434-0025	しけいちょう	司計長	しけい-ちゃう	align	o	
1203	954647-114-0019	せんきん	仙禽	せん-きん	align	o	
1204	954647-127-0026	せんでん	閃電	せん-でん	JMdict	o	
1205	954648-049-0006	ねたみごころ	妬心	ねたみ-ごころ	align	o	
1206	954646-398-0029	さんし	讃詞	さんし	align	o	
1207	954646-068-0029	くろこうばい	黒紅梅	くろ-こうばい	align	o	
1208	954648-660-0011	るすもり	留守守	るす-もり	align	o	
1209	954646-453-0034	したもえ	下燃	したもえ	align	o	
1210	954648-678-0001	おうじづくり	皇子造	わうじ-づくり	align	o	
1211	954647-459-0002	てのすじみ	手筋見	てのすぢみ	align	o	
1212	954648-216-0051	ひめこまつ	姫小松	ひめ-こまつ	JMdict	o	
1213	954645-166-0061	いいそこn	言損	いひ-そこなふ	JMdict	o	
1214	954648-125-0061	はなさきじあん	鼻前思案	はなさきじあん	align	o	
1215	954645-395-0010	がくご	學語	がくご	align	o	
1216	954647-117-0028	ぜんごし	膳越	ぜん-ごし	JMdict	o	
1217	954648-725-0002	おだはらあしだ	小田原足駄	をだはら-あしだ	align	o	
1218	954646-539-0051	じゅくこく	熟谷	じゅく-こく	align	o	
1219	954645-222-0038	うつりばし	移箸	うつり-ばし	JMdict	o	
1220	954645-258-0048	ようにん	要人	えう-にん	align	o	
1221	954647-097-0017	せっきょうぶし	説經節	せっきゃう-ぶし	L	o	
1222	954648-562-0031	やせほうし	痩法師	やせ-ほふし	align	o	
1223	954647-452-0053	てつがくし	哲學史	てつがく-し	L	o	
1224	954647-241-0033	たけすがき	竹簀搔	たけ-すがき	align	o	
1225	954645-484-0023	かみがわり	紙代	かみがはり	align	o	
1226	954646-450-0053	したこき	舌扱	した-こき	align	o	
1227	954648-645-0049	りょうあぶみ	兩鐙	りゃう-あぶみ	align	o	
1228	954646-259-0027	ごたいくつさま	御退屈樣	ご-たいくつ-さま	align	o	
1229	954645-232-0011	うまうち	馬打	うま-うち	align	o	
1230	954646-223-0032	ごくい	極位	ごく-ゐ	align	o	
1231	954648-719-0034	おかざきみそ	岡崎味噌	をかざき-みそ	align	o	
1232	954646-618-0007	しんるいづきあい	親類附合	しんるゐ-づきあひ	align	o	
1233	954646-542-0009	しゅかん	首卷	しゅしくわん	L	o	
1234	954647-249-0036	たたみこm	疊込	たたみ-こむ	JMdict	o	
1235	954645-316-0037	おおそこいた	大底板	おほ-そこいた	align	o	
1236	954648-051-0053	ねのこ	子子	ね-の-こ	align	o	
1237	954648-455-0036	みつわまげ	三輪髷	みつわ-まげ	align	o	
1238	954647-124-0046	せんだいひら	仙臺平	せんだい-ひら	L	o	
1239	954646-461-0016	じつじ	實事	じつじ	JMdict	o	
1240	954645-565-0059	きっこうがた	龜甲形	きっかふ-がた	L	o	
1241	954646-533-0036	じゅうかいがん	縱海岸	じゅう-かいがん	align	o	
1242	954645-525-0056	かんばこ	棺箱	かん-ばこ	align	o	
1243	954645-050-0008	あじのすむ	味棲	あぢ-の-すむ	align	o	
1244	954648-621-0016	ろうしゃにん	牢舍人	らうしゃ-にん	align	o	
1245	954645-470-0032	こうじょうせん	甲状線	かふじゃう-せん	align	o	
1246	954645-235-0041	うみう	海鵜	らみら	JMdict	o	
1247	954648-033-0037	にんわじぬの	仁和寺布	にんわじ-ぬの	align	o	
1248	954646-516-0056	じょうめ	上馬	じゃう-め	align	o	
1249	954646-292-0038	ごほうらい	御奉禮	ご-ほうらい	align	o	
1250	954645-501-0045	からぶぎょう	唐奉行	から-ぶぎゃう	align	o	
1251	954648-355-0021	ほしけんざん	星建盞	ほし-けんざん	align	o	
1252	954645-332-0006	おもいあて	思當	おもひ-あて	align	o	
1253	954645-463-0038	かわりごえ	變聲	かはり-ごゑ	align	o	
1254	954648-423-0031	まれもの	稀者	まれ-もの	align	o	
1255	954645-520-0001	かんしょよみ	漢書讀	かんしょ-よみ	align	o	
1256	954645-559-0012	きせいどうぶつ	寄生動物	きせい-どうぶつ	align	o	
1257	954648-730-0059	おひも	雄紐	を-ひも	align	o	
1258	954647-060-0008	せいずきかい	製圖器械	せいづ-きかい	align	o	
1259	954645-239-0052	うらうら	浦浦	うら-うら	align	o	
1260	954647-597-0012	なつびきらく	夏引樂	なつびき-らく	align	o	
1261	954648-182-0058	ひこんいろ	緋紺色	ひこん-いろ	align	o	
1262	954645-593-0008	きょうらん	狂瀾	きゃう-らん	JMdict	o	
1263	954647-217-0047	とうぐし	唐櫛	たう-ぐし	align	o	
1264	954648-730-0044	おはりごめ	尾張米	をはり-ごめ	align	o	
1265	954648-264-0013	ふこつ	附骨	ふこつ	align	o	
1266	954645-413-0065	かざよけ	風除	かざ-よけ	JMdict	o	
1267	954645-460-0073	かわひらきぶね	側開船	かはひらき-ぶね	align	o	
1268	954645-554-0005	きじ	棄兒	きじ	L	o	
1269	954648-450-0056	みっそう	密僧	みっ-そう	align	o	
1270	954646-434-0039	しげきせい	刺戟性	しげき-せい	JMdict	o	
1271	954645-181-0012	いりちがu	入違	いりちがふ	align	o	
1272	954647-210-0052	だいめぎり	臺目切	だいめ-ぎり	align	o	
1273	954647-571-0051	なかがいてん	仲買店	なかがひてん	align	o	
1274	954646-614-0042	しんぼ	親母	しんぼ	align	o	
1275	954645-327-0054	おむろがき	御室柿	おむろがき	align	o	
1276	954645-161-0034	いわこがね	岩黄金	いは-こがね	align	o	
1277	954646-151-0008	けつろてん	結露點	けつろ-てん	align	o	
1278	954647-629-0048	なんしこう	難思光	なんしくわう	align	o	
1279	954645-633-0016	きんもんさきばこ	金紋先箱	きんもんさきばこ	align	o	
1280	954646-585-0052	しりとりもんく	尻取文句	しりとり-もんく	align	o	
1281	954648-052-0030	ねばわた	粘綿	ねば-わた	align	o	
1282	954646-396-0037	さんご	三五	さん-ご	align	o	
1283	954648-199-0032	ひっかえs	引返	ひっ-かへす	JMdict	o	
1284	954647-166-0002	そふず	曾布豆	そふづ	align	o	
1285	954645-259-0043	えきこうざい	液膏劑	えきかう-ざい	align	o	
1286	954645-153-0011	いとまきひとで	絲卷人手	いとまき-ひとで	align	o	
1287	954645-151-0038	いとぐら	絲倉	いと-ぐら	L	o	
1288	954645-200-0012	うこんえ	右近衞	う-こんゑ	align	o	
1289	954647-396-0015	つけこm	漬込	つけ-こむ	JMdict	o	
1290	954646-584-0004	しらん	紫蘭	しらん	JMdict	o	
1291	954648-538-0061	もろざし	諸差	もろ-ざし	JMdict	o	
1292	954647-440-0036	ちょうしゃ	弔者	てう-しゃ	align	o	
1293	954647-338-0069	ちゃのみ	茶飮	ちゃのみ	align	o	
1294	954647-176-0022	そんしゅうにゅうやく	村收入役	そん-しうにふやく	align	o	
1295	954645-334-0043	おもいつm	思詰	おもひつむ	JMdict	o	
1296	954646-466-0020	してんげ	四天下	し-てんげ	align	o	
1297	954647-584-0012	なきもだu	泣悶	なき-もだふ	align	o	
1298	954647-616-0015	なみかず	並數	なみ-かず	align	o	
1299	954648-588-0055	よようは	餘姚派	よえう-は	align	o	
1300	954646-548-0039	しゅっけおち	出家落	しゅっけ-おち	align	o	
1301	954646-422-0025	じゅうよく	獸慾	じう-よく	JMdict	o	
1302	954646-303-0028	ごろうj	御覽	ごらうじる	L	o	
1303	954646-453-0043	したやかた	下屋形	した-やかた	align	o	
1304	954648-211-0004	ひばいしゃ	被賣者	ひばい-しゃ	align	o	
1305	954647-280-0040	たむけぐさ	手向草	たむけ-ぐさ	align	o	
1306	954648-142-0019	はやしかた	林方	はやし-かた	align	o	
1307	954645-242-0018	うらはなあおい	裏花葵	うら-はなあふひ	align	o	
1308	954647-279-0048	たまりかn	堪兼	たまり-かぬ	JMdict	o	
1309	954647-605-0013	なわあみ	繩網	なは-あみ	align	o	
1310	954646-094-0045	がひつ	畫筆	ぐわひつ	L	o	
1311	954645-053-0013	あずまごえ	東聲	あづま-ごゑ	align	o	
1312	954648-054-0068	ねりかし	煉菓子	ねり-くわし	align	o	
1313	954646-215-0037	こくさいでんしん	國際電信	こくさい-でんしん	align	o	
1314	954645-621-0006	きんおり	金織	きん-おり	align	o	
1315	954648-265-0005	ふさく	斧鑿	ふ-さく	JMdict	o	
1316	954646-201-0044	こうみ	口味	こう-み	JMdict	o	
1317	954646-196-0039	こうとう	洪濤	こう-たう	align	o	
1318	954646-118-0036	けいき	輕騎	けい-き	JMdict	o	
1319	954646-575-0061	しょてき	庶嫡	しょ-てき	align	o	
1320	954648-433-0035	みがわりがい	身代買	みがはり-がひ	align	o	
1321	954646-541-0008	しゅくちょくべや	宿直部屋	しゅくちょく-べや	align	o	
1322	954647-154-0022	そそうび	粗相火	そさう-び	align	o	
1323	954645-177-0011	いものはは	芋母	いものはは	align	o	
1324	954648-659-0021	るこう	留紅	るこう	align	o	
1325	954647-210-0050	だいみょうやく	大妙藥	だい-めうやく	align	o	
1326	954648-253-0008	ふきべ	吹部	ふきべ	align	o	
1327	954648-560-0023	やすけずし	彌助鮓	やすけ-ずし	align	o	
1328	954645-225-0067	うねめのしょう	采女正	うねめ-のしゃう	align	o	
1329	954648-736-0005	おんなこしゅ	女戶主	をんな-こしゅ	align	o	
1330	954648-271-0039	ふずいしょう	不隨症	ふずゐ-しゃう	align	o	
1331	954646-534-0023	じゅうけつ	戎羯	じゅう-けつ	align	o	
1332	954648-658-0056	りんむぎしゅ	林務技手	りんむ-ぎしゅ	align	o	
1333	954646-214-0026	こくか	國華	こく-くわ	align	o	
1334	954645-476-0018	かえりごと	返事	かへり-ごと	JMdict	o	
1335	954647-458-0036	でにんべつちょう	出人別帳	でにんべつ-ちゃう	align	o	
1336	954645-308-0026	おいもち	追持	おひもち	align	o	
1337	954646-397-0019	さんこつ	山骨	さん-こつ	align	o	
1338	954645-473-0027	ごうりょう	合梁	がふりゃう	align	o	
1339	954648-288-0024	ふともも	蒲桃	ふともも	JMdict	o	
1340	954646-057-0035	くらみせ	藏店	くら-みせ	align	o	
1341	954645-123-0029	いしょ	醫書	いしょ	L	o	
1342	954647-352-0051	ちゅうゆ	中油	ちゅう-ゆ	JMdict	o	
1343	954646-148-0028	けつずい	血髓	けつずゐ	align	o	
1344	954645-606-0020	きょくい	極位	きょく-ゐ	align	o	
1345	954645-105-0005	ゆうでん	郵傳	いう-でん	align	o	
1346	954648-508-0018	めじるし	目標	めじるし	JMdict	o	
1347	954646-259-0034	こたいし	胡頽子	こたい-し	align	o	
1348	954647-297-0043	たんぱつ	短髮	たん-ぱつ	L	o	
1349	954648-707-0020	いろう	遺老	ゐらう	align	o	
1350	954645-417-0063	かしみず	炊水	かしみづ	align	o	
1351	954645-234-0035	うまふせぎ	馬防	うま-ふせぎ	align	o	
1352	954645-441-0060	かつがつ	且且	かつがつ	align	o	
1353	954645-027-0004	あきべや	明部屋	あき-べや	align	o	
1354	954646-204-0007	こえき	虎疫	こ-えき	JMdict	o	
1355	954646-488-0036	しおもみ	鹽揉	しほ-もみ	L	o	
1356	954645-030-0025	あくぶつ	惡物	あく-ぶつ	align	o	
1357	954645-259-0009	ようやくしん	妖厄神	えうやくしん	align	o	
1358	954645-034-0032	あさがたち	朝貌	あさ-がたち	align	o	
1359	954646-139-0036	けしあい	消合	けし-あひ	align	o	
1360	954648-202-0043	ひつりょう	筆料	ひつ-れう	align	o	
1361	954646-405-0032	さんでん	三殿	さん-でん	align	o	
1362	954648-383-0005	ほんろう	本牢	ほん-らう	align	o	
1363	954646-204-0015	こえため	肥溜	こえ-ため	align	o	
1364	954648-111-0022	はたみち	畑道	はた-みち	align	o	
1365	954647-146-0050	ぞくいん	族姻	ぞく-いん	align	o	
1366	954646-450-0012	したがい	下交	した-がひ	align	o	
1367	954648-400-0029	またがい	又買	また-がひ	JMdict	o	
1368	954648-289-0031	ふなそこげた	船底下駄	ふなそこ-げた	align	o	
1369	954645-523-0023	かんじょうだか	勘定高	かんぢゃう-だか	align	o	
1370	954647-389-0023	つぎほ	接穗	つぎ-ほ	L	o	
1371	954645-616-0046	きりばかま	切袴	きり-ばかま	align	o	
1372	954645-533-0040	きゅうげん	九原	きうげん	align	o	
1373	954645-259-0001	ようへん	妖變	えう-へん	align	o	
1374	954645-431-0020	かたたがい	方違	かた-たがひ	JMdict	o	
1375	954645-302-0017	おにがたのはた	鬼形幡	おにがた-の-はた	align	o	
1376	954645-590-0041	きょうでん	競田	きゃう-でん	align	o	
1377	954648-417-0051	まめのはだい	豆葉鯛	まめのは-だひ	align	o	
1378	954646-603-0018	しんしつ	心疾	しん-しつ	JMdict	o	
1379	954648-315-0008	へいかく	兵革	へい-かく	JMdict	o	
1380	954647-163-0021	そのば	其場	そのば	JMdict	o	
1381	954647-143-0030	そうばなせいりゃく	總花政略	そうばな-せいりゃく	align	o	
1382	954645-440-0053	かじみかづき	舵三日月	かぢ-みかづき	align	o	
1383	954648-613-0002	よりあいぐみ	寄合組	よりあひ-ぐみ	align	o	
1384	954648-027-0055	にめんかく	二面角	にめん-かく	align	o	
1385	954647-112-0044	せんがん	扇眼	せん-がん	align	o	
1386	954646-572-0042	じょこん	如今	じょ-こん	align	o	
1387	954645-031-0039	あけさr	明去	あけ-さる	align	o	
1388	954647-526-0062	どじょうじる	泥鰌汁	どぢゃう-じる	JMdict	o	
1389	954646-405-0034	さんと	山徒	さんと	align	o	
1390	954648-349-0015	ほくしゅう	北洲	ほく-しう	align	o	
1391	954645-034-0040	あさがお	朝顏	あさ-がほ	align	o	
1392	954647-422-0026	つるのまい	鶴舞	つる-の-まひ	align	o	
1393	954648-288-0055	ふなおくり	船送	ふな-おくり	align	o	
1394	954647-294-0016	たんぜん	坦然	たん-ぜん	align	o	
1395	954648-458-0054	みなれがお	見馴顏	みなれ-がほ	align	o	
1396	954647-320-0002	ちでん	知殿	ちでん	align	o	
1397	954648-730-0060	おひょうし	雄拍子	を-ひゃうし	align	o	
1398	954646-181-0040	けんようすい	懸雍垂	けんよう-すゐ	align	o	
1399	954647-493-0041	とうそう	凍瘡	とうさう	JMdict	o	
1400	954646-171-0049	げんぜ	現世	げんぜ	JMdict	o	
1401	954646-506-0038	しょうしょう	將相	しゃう-しゃう	L	o	
1402	954647-254-0039	たちふるまい	立振舞	たち-ふるまひ	JMdict	o	
1403	954645-332-0014	おもいあらたm	思改	おもひあらたむ	align	o	
1404	954645-475-0039	かべにらみ	壁睨	かべ-にらみ	align	o	
1405	954648-523-0002	もちあみ	持網	もち-あみ	align	o	
1406	954647-625-0025	なりほうだい	爲放題	なり-はうだい	align	o	
1407	954647-453-0015	てっかん	鐵幹	てっ-かん	L	o	
1408	954647-349-0033	じゅうじゅう	重重	ぢゅう-ぢゅう	JMdict	o	
1409	954646-254-0041	こすだれ	小簾	こ-すだれ	align	o	
1410	954648-172-0006	ひきあてもの	引當物	ひきあて-もの	align	o	
1411	954647-613-0037	なまずお	鯰尾	なまづ-を	align	o	
1412	954645-546-0042	きくさきづき	菊咲月	きくさき-づき	align	o	
1413	954645-518-0014	かんざらしこ	寒晒粉	かんざらし-こ	align	o	
1414	954645-035-0037	あさぐろi	淺黒	あさ-ぐろし	L	o	
1415	954646-544-0049	じゅしゃ	竪者	じゅ-しゃ	align	o	
1416	954645-467-0055	かいもどし	買戾	かひ-もどし	L	o	
1417	954646-309-0023	こえがら	聲柄	ゑがら	L	o	
1418	954645-548-0053	きかんじゅう	機關銃	きくわんじゅう	L	o	
1419	954646-404-0006	さんだいもん	三大門	さんだいもん	align	o	
1420	954645-155-0038	いなむし	稻蟲	いな-むし	JMdict	o	
1421	954648-492-0009	むねわけぜに	棟別錢	むねわけ-ぜに	align	o	
1422	954648-252-0038	ふきじ	葺地	ふきぢ	align	o	
1423	954647-151-0041	そくめんせき	側面積	そく-めんせき	align	o	
1424	954645-036-0030	あさぢえ	淺智慧	あさ-ぢゑ	JMdict	o	
1425	954647-367-0018	ちりまがu	散紛	ちり-まがふ	align	o	
1426	954646-416-0001	しいぎゃく	弑虐	しい-ぎゃく	JMdict	o	
1427	954648-484-0015	むじょうちょう	無常鳥	むじゃう-てう	JMdict	o	
1428	954645-227-0002	うわきしょう	浮氣性	うはき-しゃう	L	o	
1429	954648-230-0053	ひらすみきりかく	平角切角	ひら-すみきりかく	align	o	
1430	954648-273-0016	ふぞくうた	風俗歌	ふぞく-うた	JMdict	o	
1431	954646-524-0016	しゃくようきん	借用金	しゃくようきん	align	o	
1432	954645-024-0007	あかん	阿監	あかん	align	o	
1433	954645-246-0005	うるしがき	漆書	うるし-がき	align	o	
1434	954648-394-0026	まくらひき	枕引	まくら-ひき	align	o	
1435	954646-132-0002	きょうく	教區	けう-く	L	o	
1436	954645-291-0016	おしるびと	御知人	おしるびと	align	o	
1437	954648-386-0044	もうぜん	妄染	まうぜん	align	o	
1438	954645-016-0027	おうむせき	鸚鵡石	あうむ-せき	align	o	
1439	954648-085-0032	ばいたん	賣炭	ばいたん	align	o	
1440	954646-469-0010	しなふく	支那服	しな-ふく	JMdict	o	
1441	954646-590-0074	しろの	白箆	しろ-の	align	o	
1442	954646-618-0015	しんれいは	浸禮派	しんれいは	align	o	
1443	954647-318-0061	ちちみかど	父帝	ちち-みかど	align	o	
1444	954647-256-0022	たつかづえ	手束杖	たつか-づゑ	align	o	
1445	954646-346-0046	そうれんじょう	操練場	さうれん-ぢゃう	align	o	
1446	954646-273-0022	ことだt	事立	こと-だつ	JMdict	o	
1447	954646-485-0036	しへいし	紙幣司	しへいし	align	o	
1448	954647-259-0046	たであい	蓼藍	たで-あゐ	JMdict	o	
1449	954645-477-0016	かえるがえる	返返	かへる-がへる	align	o	
1450	954647-152-0004	ぞくりょ	俗慮	ぞく-りょ	align	o	
1451	954648-266-0030	ぶしかたぎ	武士氣質	ぶしかたぎ	JMdict	o	
1452	954647-477-0027	でんたく	田宅	でん-たく	align	o	
1453	954645-446-0006	かつおに	鰹荷	かつを-に	align	o	
1454	954648-377-0022	ほんけ	本卦	ほんけ	align	o	
1455	954645-018-0045	あかけさ	赤袈裟	あかけさ	align	o	
1456	954646-029-0009	くちにゅうどう	朽入道	くち-にふだう	align	o	
1457	954648-127-0005	はなずりごろも	花摺衣	はなずり-ごろも	align	o	
1458	954647-097-0013	せっきょうざいもん	說經祭文	せっきゃう-ざいもん	align	o	
1459	954645-025-0056	あきだな	明店	あき-だな	JMdict	o	
1460	954647-419-0054	つりともえ	釣巴	つりともゑ	align	o	
1461	954648-663-0035	れいきょう	靈香	れい-きゃう	align	o	
1462	954648-613-0046	よりたけ	寄竹	より-たけ	align	o	
1463	954645-616-0077	きりひろg	切廣	きりひろぐ	JMdict	o	
1464	954648-048-0033	ねずみぶくろ	鼠袋	ねずみ-ぶくろ	align	o	
1465	954646-061-0039	くるつあした	來旦	くる-つ-あした	align	o	
1466	954645-124-0030	いせい	醫生	いせい	JMdict	o	
1467	954648-320-0015	へいやく	兵厄	へい-やく	align	o	
1468	954646-498-0002	しょういほけん	傷痍保險	しゃうい-ほけん	align	o	
1469	954647-370-0034	ちんぞうひん	珍藏品	ちんざう-ひん	align	o	
1470	954645-275-0005	おいうま	老馬	おい-うま	align	o	
1471	954646-172-0028	けんぜんがく	健全學	けんぜん-がく	align	o	
1472	954648-058-0036	ねんぶつちょう	念佛帳	ねんぶつ-ちゃう	align	o	
1473	954645-325-0034	おおりんてん	大輪轉	おほりんてん	align	o	
1474	954646-200-0009	こうほうがくしゃ	公法學者	こうはふ-がくしゃ	align	o	
1475	954648-062-0025	のうりょう	農料	のう-れう	align	o	
1476	954645-391-0023	かきやr	掻遣	かき-やる	align	o	
1477	954648-027-0056	にめんかぶと	二面冑	にめん-かぶと	align	o	
1478	954648-446-0011	みずあさぎ	水淺葱	みづ-あさぎ	L	o	
1479	954648-399-0008	ますぐみ	枡組	ます-ぐみ	JMdict	o	
1480	954647-180-0033	だいいし	臺石	だい-いし	L	o	
1481	954645-330-0073	おもなれ	面馴	おも-なれ	align	o	
1482	954648-274-0006	ふだいしょう	扶臺掌	ふ-だいしゃう	align	o	
1483	954645-201-0032	うしき	有色	うしき	align	o	
1484	954645-214-0044	うちなr	打鳴	つちならす	JMdict	o	
1485	954645-194-0006	うきしお	浮潮	うきしほ	align	o	
1486	954646-585-0072	しりまい	尻舞	しり-まひ	align	o	
1487	954646-156-0009	げほくめん	下北面	げ-ほくめん	align	o	
1488	954645-600-0016	きょうじん	凶人	きょう-じん	JMdict	o	
1489	954645-523-0049	かんてい	閑庭	かん-てい	align	o	
1490	954645-194-0038	うきとうだい	浮燈臺	うきとうだい	align	o	
1491	954646-296-0068	こまものみせ	小間物店	こまもの-みせ	align	o	
1492	954645-321-0016	おおひげ	大髭	おほ-ひげ	JMdict	o	
1493	954648-125-0032	はなくばり	花配	はな-くばり	align	o	
1494	954646-597-0016	しんきょう	親兄	しんきゃう	align	o	
1495	954645-042-0045	あしのじせん	足字錢	あしのじ-せん	align	o	
1496	954646-587-0044	しれいりゅう	司令旒	しれい-りう	align	o	
1497	954646-345-0012	そうぼう	雙眸	さうぼう	L	o	
1498	954646-238-0043	こころまよい	心迷	こころ-まよひ	align	o	
1499	954645-630-0061	ぎんながし	銀流	ぎん-ながし	JMdict	o	
1500	954646-316-0004	こんとん	困敦	こん-とん	align	o	
1501	954648-552-0018	やっきょくせい	藥局生	やくきょく-せい	JMdict	o	
1502	954648-504-0033	めかみなが	女髮長	め-かみなが	align	o	
1503	954645-419-0051	かしん	家信	かしん	JMdict	o	
1504	954645-281-0002	おきなすがた	翁姿	おきな-すがた	align	o	
1505	954648-335-0005	べんごし	辯護士	べんご-し	L	o	
1506	954646-186-0037	こいき	小息	こいき	align	o	
1507	954646-543-0007	しゅげんしゅう	修驗宗	しゅげん-しゅう	align	o	
1508	954645-498-0022	からしゆ	芥子油	からし-ゆ	JMdict	o	
1509	954647-305-0045	ちがいすはま	違洲濱	ちがひ-すはま	align	o	
1510	954647-264-0032	たなばん	店番	たな-ばん	align	o	
1511	954647-139-0034	そうぐんぜい	總軍勢	そう-ぐんぜい	align	o	
1512	954646-609-0004	しんとうりゅう	新當流	しんたうりう	JMdict	o	
1513	954648-700-0026	いがたり	居語	ゐ-がたり	align	o	
1514	954646-021-0024	くせごと	癖事	くせ-ごと	align	o	
1515	954648-658-0008	りんどう	龍膽	りん-だう	L	o	
1516	954645-552-0015	きざい	木材	きざい	align	o	
1517	954648-039-0029	ぬいし	縫師	ぬひし	align	o	
1518	954648-484-0048	むしゃえ	武者繪	むしゃ-ゑ	JMdict	o	
1519	954645-456-0023	がはい	牙牌	がはい	JMdict	o	
1520	954646-526-0018	しゃざん	赭山	しゃ-ざん	align	o	
1521	954645-034-0038	あさがえり	朝歸・朝	あさ-がへり	L	x	紙面の表記は 朝歸 だけ。OCR が隣の行の 朝 を拾って 朝朝歸 と読み、分割で 朝 を余分に登録した
1522	954647-623-0053	ならやま	楢山	なら-やま	align	o	
1523	954647-124-0040	せんだいせん	仙臺錢	せんだい-せん	align	o	
1524	954646-521-0043	しゃくかん	借款	しゃく-くわん	align	o	
1525	954648-695-0010	わらびのまる	蕨丸	わらび-の-まる	align	o	
1526	954648-336-0030	へんしょしゅう	變暑州	へんしょしう	align	o	
1527	954646-329-0023	さいのう	才能・材能	さい-のう	L	o	
1528	954645-155-0029	いなぼ	稻穗	いな-ぼ	align	o	
1529	954647-149-0019	ぞくせい	賊勢	ぞく-せい	align	o	
1530	954647-431-0023	ていけ	手活	ていけ	JMdict	o	
1531	954647-439-0028	ちょうさきょく	調査局	てうさ-きょく	JMdict	o	
1532	954648-115-0037	はちびたい	鉢額	はち-びたひ	align	o	
1533	954648-268-0033	ぶしょう	部將	ぶしゃう	L	o	
1534	954647-209-0010	たいほ	大保	たい-ほ	JMdict	o	
1535	954646-616-0011	しんやく	神役	しん-やく	align	o	
1536	954646-480-0018	しぶk	繁吹	しぶく	JMdict	o	
1537	954648-342-0015	ぼうえきひん	貿易品	ぼうえき-ひん	JMdict	o	
1538	954645-218-0065	うつしあやまr	寫誤	うつし-あやまる	align	o	
1539	954646-334-0047	そうこう	蒼昊	さう-かう	align	o	
1540	954645-045-0039	あせはだき	汗肌著	あせ-はだき	align	o	
1541	954645-294-0031	おちくぼ	落窪	おちくぼ	align	o	
1542	954648-693-0047	わらざいく	藁細工	わらざいく	JMdict	o	
1543	954647-347-0050	じゅうしょふじょう	住所不淨	ぢゅうしょ-ふじゃう	align	o	
1544	954647-264-0044	たなれ	手馴	た-なれ	align	o	
1545	954645-230-0008	うぶ	右舞	うぶ	JMdict	o	
1546	954648-551-0022	やきんがく	冶金學	やきん-がく	L	o	
1547	954646-249-0029	ごしゃ	五舍	ごしゃ	align	o	
1548	954645-308-0017	おいふせr	追伏	おひ-ふせる	align	o	
1549	954648-493-0007	むめいけいやく	無名契約	むめい-けいやく	align	o	
1550	954645-400-0052	がくり	學理	がくり	L	o	
1551	954648-488-0007	むたいこうぶつ	無對光佛	むたいくわう-ぶつ	align	o	
1552	954646-575-0040	しょちゅうきゅうか	暑中休暇	しょちゅうきうか	JMdict	o	
1553	954646-103-0029	かんせいけん	官制權	くわんせい-けん	align	o	
1554	954648-332-0011	へらさぎ	箆鷺	へら-さぎ	JMdict	o	
1555	954646-606-0005	じんしん	深心	じん-しん	align	o	
1556	954647-555-0028	とりえ	鳥餌	とりゑ	JMdict	o	
1557	954646-087-0033	かがい	花外	くわ-ぐわい	align	o	
1558	954645-271-0040	えんじょ	艶書	えん-じょ	align	o	
1559	954646-402-0030	ざんしょう	嶄峭	ざん-せう	align	o	
1560	954646-088-0003	かけん	火圈	くわ-けん	align	o	
1561	954645-239-0043	うらあわせ	裏合	うら-あはせ	JMdict	o	
1562	954645-144-0002	いっすい	一水	いっ-すゐ	JMdict	o	
1563	954647-342-0001	ちゅういかん	中醫監	ちゅう-いかん	align	o	
1564	954646-217-0048	こくせき	國籍	こく-せき	L	o	
1565	954645-306-0039	おいこs	追越	おひ-こす	JMdict	o	
1566	954645-487-0067	かみゆいどこ	髮結床	かみゆひ-どこ	L	o	
1567	954645-538-0025	きおくr	氣後	き-おくる	L	o	
1568	954646-550-0031	じゅどうしゃ	受動者	じゅどう-しゃ	align	o	
1569	954645-610-0022	きょよ	虚譽	きょよ	align	o	
1570	954646-414-0047	しい	志意	しい	align	o	
1571	954647-183-0006	だいがく	大樂	だい-がく	align	o	
1572	954645-022-0055	あかもず	赤鵙	あか-もず	align	o	
1573	954647-205-0020	だいのもの	代物	だい-の-もの	align	o	
1574	954647-041-0031	すいまつ	錐末	すゐ-まつ	align	o	
1575	954646-432-0021	しくかつ	志久活	しく-くわつ	align	o	
1576	954646-428-0022	しきがわ	敷革	しき-がは	JMdict	o	
1577	954648-161-0043	はんぼくるい	攀木類	はんぼく-るゐ	align	o	
1578	954648-240-0037	ひんみんけいさつ	貧民警察	ひんみん-けいさつ	align	o	
1579	954647-193-0021	だいしのうしつ	第四腦室	だいし-なうしつ	align	o	
1580	954647-310-0039	ちくしょうこく	畜生國	ちくしゃう-こく	align	o	
1581	954646-426-0016	しかn	仕兼	し-かねる	JMdict	o	
1582	954647-232-0055	たがいなわ	違繩	たがひ-なは	align	o	
1583	954646-217-0033	こくすい	谷水	こくすゐ	align	o	
1584	954647-096-0018	ぜつがい	絕涯	ぜつがい	align	o	
1585	954645-058-0043	あねぶん	姉分	あねぶん	JMdict	o	
1586	954647-397-0054	つじのうやくしゃ	辻能役者	つじのう-やくしゃ	align	o	
1587	954647-307-0006	ちからおび	力帶	ちから-おび	JMdict	o	
1588	954646-037-0037	くにもちしゅう	國持衆	くにもち-しゅう	align	o	
1589	954648-113-0026	はちぎゃく	八逆・八虐	はちぎゃく	JMdict	o	
1590	954648-053-0042	ねまつ	根松	ねまつ	align	o	
1591	954645-599-0039	きょうさんくみあい	共産組合	きょうさん-くみあひ	align	o	
1592	954645-256-0045	えいりしゃだん	營利社團	えいり-しゃだん	align	o	
1593	954648-454-0001	みっぷ	密夫	みっぷ	JMdict	o	
1594	954646-407-0030	さんぼうづな	三方綱	さんばう-づな	align	o	
1595	954645-417-0072	かしょう	佳章	かしゃう	align	o	
1596	954646-422-0002	しゅうぶんそう	秋分草	しうぶん-さう	align	o	
1597	954646-086-0025	かか	貨價	くわ-か	align	o	
1598	954646-060-0014	くりぬk	刳貫	くり-ぬく	JMdict	o	
1599	954645-365-0016	こうきょう	耕境	かう-きゃう	align	o	
1600	954645-562-0061	きたのたい	北對	きた-の-たい	JMdict	o	
1601	954645-184-0035	いろしゅうさ	色收差	いろしうさ	L	o	
1602	954648-248-0030	ふこうどり	不孝鳥	ふかうどり	align	o	
1603	954647-212-0013	たいゆうせい	大熊星	たい-ゆうせい	align	o	
1604	954645-246-0066	うれこみ	賣込	うれ-こみ	align	o	
1605	954645-373-0043	こうでん	耕田	かう-でん	JMdict	o	
1606	954645-513-0029	かんがい	函蓋	かん-がい	JMdict	o	
1607	954646-429-0027	じきどう	食堂	じき-だう	JMdict	o	
1608	954646-366-0047	さしに	差荷	さし-に	align	o	
1609	954646-089-0032	かじどろ	火事泥	くわじ-どろ	JMdict	o	
1610	954647-502-0043	どうもん	同文	どう-もん	align	o	
1611	954645-532-0029	きゅうようかんらん	球葉甘藍	きうえふ-かんらん	align	o	
1612	954646-221-0004	こくみんけん	國民權	こくみん-けん	align	o	
1613	954648-547-0029	ようらくしゃじん	瓔珞沙參	やうらく-しゃじん	align	o	
1614	954648-643-0040	りったいび	立體美	りったい-び	JMdict	o	
1615	954647-221-0003	とうしょき	島書記	たう-しょき	align	o	
1616	954648-317-0032	べいじゅう	陪從	べい-じゅう	JMdict	o	
1617	954647-310-0015	ちくけん	竹筧	ちく-けん	align	o	
1618	954647-022-0027	すなぐさ	砂草	すな-ぐさ	align	o	
1619	954648-397-0049	ましね	増値	ましね	align	o	
1620	954648-379-0001	ほんせい	本生	ほん-せい	align	o	
1621	954648-362-0011	ほちょうき	補聽器	ほちゃうき	L	o	
1622	954647-388-0058	つぎはし	繼橋	つぎ-はし	align	o	
1623	954645-497-0031	からげなわ	紮繩	からげなは	align	o	
1624	954648-230-0016	ひらげた	平桁	ひら-げた	align	o	
1625	954647-148-0035	ぞくしょう	俗姓	ぞく-しゃう	JMdict	o	
1626	954646-606-0027	しんすいち	浸水地	しんすゐ-ち	align	o	
1627	954648-370-0020	ほうじょう	法杖	ほふ-ぢゃう	align	o	
1628	954648-370-0036	ほうべん	法便	ほふべん	align	o	
1629	954645-244-0040	うりくち	賣口	うり-くち	L	o	
1630	954646-547-0043	じゅたくぶつ	受託物	じゅたく-ぶつ	align	o	
1631	954646-087-0008	かきんきょくほう	課金局報	くわきん-きょくはう	align	o	
1632	954647-186-0021	たいかい	大塊	たい-くわい	JMdict	o	
1633	954646-485-0001	じゅうろくめ	十六目	じふろく-め	align	o	
1634	954645-547-0048	きくのわた	菊綿	きく-の-わた	align	o	
1635	954648-618-0034	らいせがね	來世金	らいせ-がね	align	o	
1636	954648-066-0008	のせん	野錢	のせん	align	o	
1637	954647-277-0012	たまごぬり	玉子塗	たまご-ぬり	align	o	
1638	954648-224-0046	びゃくしんのき	白身木	びゃくしん-の-き	align	o	
1639	954648-475-0061	むかいづち	向鎚	むかひづち	align	o	
1640	954646-058-0047	くりいも	栗芋	くり-いも	align	o	
1641	954648-023-0026	にばんもの	二番物	にばん-もの	align	o	
1642	954645-326-0034	おおおどり	大踊	おほ-をどり	align	o	
1643	954646-328-0004	さいち	采地	さい-ち	align	o	
1644	954647-373-0023	じんどり	陣取	ぢん-どり	align	o	
1645	954645-297-0080	おてんしゅばん	御天守番	おてんしゅばん	align	o	
1646	954646-505-0024	じょうし	城址・城趾	じゃう-し	L	o	
1647	954646-207-0040	こがい	蠶飼	こ-がひ	L	o	
1648	954647-489-0038	どうがん	童顏	どう-がん	align	o	
1649	954646-041-0010	くびかけしばい	首掛芝居	くびかけ-しばゐ	align	o	
1650	954647-242-0058	たけりたt	哮立	たけり-たつ	JMdict	o	
1651	954645-075-0022	あまりょう	雨龍	あま-りょう	JMdict	o	
1652	954645-070-0059	あまぐも	天雲	あまぐも	JMdict	o	
1653	954645-225-0063	うねめぎぬ	采女衣	うねめ-ぎぬ	align	o	
1654	954645-420-0047	かずぞうり	數草履	かず-ざうり	align	o	
1655	954648-551-0015	やきょく	野曲	や-きょく	align	o	
1656	954648-284-0051	ぶつりつしゅう	佛立宗	ぶつりつ-しゅう	align	o	
1657	954648-634-0052	りゅうねん	流年	りう-ねん	align	o	
1658	954645-496-0029	からぎぬ	唐絹	からぎぬ	align	o	
1659	954648-733-0017	おりしき	折敷	をり-しき	JMdict	o	
1660	954648-631-0013	らんほう	亂峰	らん-ほう	align	o	
1661	954648-558-0004	やさけび	矢叫	や-さけび	JMdict	o	
1662	954647-437-0005	ていやくこく	締約國	ていやく-こく	JMdict	o	
1663	954648-536-0008	ももぐさ	百草	もも-ぐさ	align	o	
1664	954646-035-0009	くどくてんにょ	功徳天女	くどく-てんにょ	align	o	
1665	954648-177-0023	ひきまわし	引廻	ひきまはし	JMdict	o	
1666	954646-248-0017	こしぶすま	腰衾	こし-ぶすま	align	o	
1667	954648-653-0004	りょうか	菱花	りょう-くわ	JMdict	o	
1668	954647-199-0021	だいぜんしき	大膳職	だいぜん-しき	align	o	
1669	954646-426-0032	しこう	指甲	しかふ	align	o	
1670	954647-471-0029	てんそう	天倉	てん-さう	align	o	
1671	954648-168-0016	ひがかぞえ	僻數	ひが-かぞへ	align	o	
1672	954648-245-0035	ふうたい	風帶	ふう-たい	L	o	
1673	954645-609-0046	ぎょへん	魚偏	ぎょ-へん	align	o	
1674	954645-394-0015	がくかん	學監	がく-かん	align	o	
1675	954646-030-0041	くちゅうやく	驅蟲藥	くちゅうやく	L	o	
1676	954645-556-0033	きしゃみち	汽車道	きしゃ-みち	align	o	
1677	954648-271-0051	ぶせい	武勢	ぶせい	align	o	
1678	954646-462-0031	しってん	質點	しってん	L	o	
1679	954648-651-0003	りゃん	兩	りゃん	JMdict	o	
1680	954645-221-0040	うつむき	俯	うつ-むき	JMdict	o	
1681	954645-445-0006	かつらあゆ	桂鮎	かつら-あゆ	align	o	
1682	954645-258-0042	ようてん	要點	えう-てん	L	o	
1683	954646-185-0025	こあたり	小當	こ-あたり	L	o	
1684	954648-200-0048	ひっしごきおび	引扱帶	ひっしごき-おび	align	o	
1685	954645-186-0018	いおぐし	魚串	いを-ぐし	JMdict	o	
1686	954647-130-0021	せんぼうちょう	線膨脹	せんばうちゃう	align	o	
1687	954645-409-0031	かこいごめ	圍米	かこひ-ごめ	align	o	
1688	954647-106-0011	しょうじょ	妾女	せふ-ぢよ	align	o	
1689	954646-339-0044	そうじょう	窓上	さう-じゃう	align	o	
1690	954648-537-0029	もよおしぜい	催勢	もよほし-ぜい	align	o	
1691	954647-305-0056	ちがいちゃのみ	違茶實	ちがひ-ちゃのみ	align	o	
1692	954648-370-0051	ほうらくかかい	法樂歌會	ほふらく-かくわい	align	o	
1693	954645-431-0052	かたつき	偏附	かた-つき	align	o	
1694	954648-447-0012	みずいたずら	水徒	みづ-いたづら	align	o	
1695	954648-159-0042	はんにゃつら	般若面	はんにゃ-つら	align	o	
1696	954647-083-0049	せがえし	背返	せ-がへし	align	o	
1697	954646-411-0023	さんようすうじ	算用數字	さんよう-すうじ	L	o	
1698	954647-091-0039	せきろう	碩老	せき-らう	JMdict	o	
1699	954646-149-0011	けつぞくしん	血族親	けつぞく-しん	align	o	
1700	954648-162-0056	はんりょう	藩領	はん-りゃう	JMdict	o	
1701	954645-314-0053	おおさかじょうばん	大阪城番	おほさかじゃうばん	align	o	
1702	954645-198-0046	うけながし	受流	うけ-ながし	align	o	
1703	954645-494-0025	かよいめ	通女	かよひめ	align	o	
1704	954647-345-0009	ちゅうこう	中候	ちゅう-こう	align	o	
1705	954646-095-0033	かべん	花瓣	くわ-べん	L	o	
1706	954648-265-0042	ふさんじ	府參事	ふさんじ	align	o	
1707	954648-567-0004	やどがお	宿顏	やど-がほ	align	o	
1708	954645-576-0021	きびもち	稷餅	きび-もち	align	o	
1709	954646-433-0010	しかいぎょう	齒科醫業	しくわ-いげふ	align	o	
1710	954647-193-0043	たいじょう	怠状	たい-じゃう	align	o	
1711	954647-476-0007	てんせきとどけ	轉籍屆	てんせき-とどけ	L	o	
1712	954648-033-0038	にんわらく	仁和樂	にんわらく	align	o	
1713	954647-490-0022	とうきしん	投機心	とうきしん	JMdict	o	
1714	954647-394-0037	つくりびょうき	作病氣	つくり-びゃうき	align	o	
1715	954648-523-0054	もちしお	望潮	もち-しほ	align	o	
1716	954645-406-0011	かけひき	驅引	かけ-ひき	L	o	
1717	954647-555-0016	とりわたs	取渡	とり-わたす	align	o	
1718	954645-628-0039	きんせんか	金錢花	きんせん-くわ	align	o	
1719	954646-577-0020	しょぶんけん	處分權	しょぶん-けん	align	o	
1720	954648-405-0011	まつかぜがい	松風貝	まつかぜがひ	align	o	
1721	954646-088-0043	かざい	火罪	くわざい	align	o	
1722	954648-119-0014	はつやり	初槍	はつ-やり	align	o	
1723	954646-538-0027	しゅき	酒氣	しゆき	L	o	
1724	954645-546-0056	きくすいまき	菊水卷	きくすゐ-まき	align	o	
1725	954648-210-0028	ひのみく	日御供	ひのみく	align	o	
1726	954648-461-0038	みまかせ	身任	み-まかせ	align	o	
1727	954645-268-0012	えら	豪	えら	JMdict	o	
1728	954646-192-0012	こうけんやく	後見役	こうけん-やく	align	o	
1729	954645-411-0052	かさじ	傘地	かさ-ぢ	JMdict	o	
1730	954647-131-0020	せんばん	箭瘢	せん-ばん	align	o	
1731	954645-021-0021	あかば	赤葉	あかば	align	o	
1732	954647-579-0038	なかもの	中物	なかもの	align	o	
1733	954647-088-0045	せきたt	急立	せき-たつ	JMdict	o	
1734	954646-140-0038	けしのみ	芥子實	けし-の-み	JMdict	o	
1735	954647-216-0021	どうえき	道驛	だう-えき	align	o	
1736	954648-035-0054	ぬきみ	拔身	ぬさみ	L	o	
1737	954645-127-0043	いたがこい	板圍	いた-がこひ	L	o	
1738	954646-563-0012	しょうか	證果	しょう-くわ	L	o	
1739	954648-505-0020	めくらあたり	盲當	めくら-あたり	align	o	
1740	954645-064-0016	あいよみ	相讀	あひ-よみ	align	o	
1741	954646-601-0025	しんそう	眞草	しん-さう	L	o	
1742	954645-043-0034	あしもの	惡物	あし-もの	align	o	
1743	954645-580-0039	きまり	極	きまり	JMdict	o	
1744	954647-026-0029	すま	隅	すま	JMdict	o	
1745	954645-341-0009	おりのべごろも	織延衣	おりのべ-ごろも	align	o	
1746	954646-036-0026	くにくずし	國崩	くに-くづし	align	o	
1747	954645-514-0005	かんかくき	感覺器	かんかくき	L	o	
1748	954648-605-0033	よにく	餘肉	よ-にく	align	o	
1749	954645-409-0034	かこいぶね	圍船	かこひ-ぶね	align	o	
1750	954646-196-0029	こうそんじゅ	公孫樹	こうそん-じゅ	JMdict	o	
1751	954645-068-0023	あぶらのやく	油役	あぶら-の-やく	align	o	
1752	954645-305-0024	おはり	御針	お-はり	JMdict	o	
1753	954648-399-0058	まぜはぎ	交矧	まぜ-はぎ	align	o	
1754	954645-021-0017	あかのごはん	赤御飯	あかの-ごはん	align	o	
1755	954648-255-0023	ふくかいちょう	副會長	ふく-くわいちゃう	L	o	
1756	954645-361-0001	かいろうび	海老尾	かいらう-び	JMdict	o	
1757	954645-495-0007	からいとそう	唐絲草	からいと-さう	JMdict	o	
1758	954647-514-0001	とくぶん	得分・徳分	とく-ぶん	L	o	
1759	954646-462-0013	じつだん	實彈	じつ-だん	L	o	
1760	954646-480-0032	しゅうかいじょう	集會場	しふくわい-ぢゃう	JMdict	o	
1761	954647-058-0028	せいたいがく	生態學	せいたい-がく	L	o	
1762	954646-067-0038	くろきごしょ	黒木御所	くろきごしょ	align	o	
1763	954647-404-0010	つづらばこ	葛箱	つづら-ばこ	align	o	
1764	954647-097-0051	せっきょう	節莢	せっ-けふ	align	o	
1765	954648-020-0044	にないおけ	擔桶	になひ-をけ	JMdict	o	
1766	954645-061-0048	あいあきない	相商	あひ-あきなひ	align	o	
1767	954648-566-0039	やつよ	彌世	やつよ	align	o	
1768	954648-005-0032	にかい	二界	にかい	align	o	
1769	954645-048-0015	あたえ	與	あたへ	JMdict	o	
1770	954645-408-0009	かこ	鹿子	かこ	JMdict	o	
1771	954648-193-0050	ひそひそばなし	密密話	ひそひそ-ばなし	align	o	
1772	954646-018-0032	くじr	抉	くじる	JMdict	o	
1773	954646-470-0038	しにやみ	死病	しに-やみ	align	o	
1774	954647-190-0007	たいこびょう	太鼓鋲	たいこ-びゃう	JMdict	o	
1775	954645-225-0071	うねめようでん	采女養田	うねめ-やうでん	align	o	
1776	954645-225-0078	うのくびむすび	鵜頸結	うのくび-むすび	align	o	
1777	954645-074-0038	あまはせづかい	天馳使	あま-はせ-づかひ	align	o	
1778	954647-505-0010	どがま	土竈	どがま	JMdict	o	
1779	954646-068-0051	くろしぼりのあぶら	黒絞油	くろしぼり-の-あぶら	align	o	
1780	954647-024-0025	すいあg	吸上	すひ-あぐ	JMdict	o	
1781	954648-077-0059	のりものげば	乘物下馬	のりもの-げば	align	o	
1782	954648-132-0017	はぬけどり	羽拔鳥	はぬけ-どり	align	o	
1783	954648-648-0029	りょうだん	良男	りゃう-だん	align	o	
1784	954647-468-0040	でんきかいり	電氣解離	でんき-かいり	L	o	
1785	954648-225-0018	ひゃくにちさい	百日齋	ひゃくにち-さい	align	o	
1786	954646-513-0039	しょうほうじちょう	掌砲次長	しゃうはうじちゃう	align	o	
1787	954645-319-0027	おおぬけ	大拔	おほ-ぬけ	align	o	
1788	954647-141-0020	そうしん	總身	そう-しん	L	o	
1789	954648-538-0058	もろごい	諸戀	もろ-ごひ	L	o	
1790	954648-494-0056	むらさきね	紫根	むらさき-ね	align	o	
1791	954646-432-0016	しぐ	資具	し-ぐ	align	o	
1792	954648-455-0075	みずおさ	水長	みづ-をさ	align	o	
1793	954648-439-0056	みせぐら	店藏	みせ-ぐら	align	o	
1794	954645-570-0025	きどり	木鳥	き-どり	align	o	
1795	954646-198-0016	こうでん	功田	こう-でん	JMdict	o	
1796	954645-573-0012	きのみち	木道	きのみち	align	o	
1797	954646-571-0029	しょくようひん	食用品	しょくよう-ひん	align	o	
1798	954647-475-0021	てんす	天主	てん-す	align	o	
1799	954648-702-0050	いすw	居据	ゐすわる	JMdict	o	
1800	954646-036-0063	くにづめ	國詰	くに-づめ	align	o	
1801	954647-370-0053	ちんしゅ	珍珠	ちん-しゅ	align	o	
1802	954646-109-0019	くえにち	凶會日	くゑにち	align	o	
1803	954647-200-0041	たいとうほうじん	對當方陣	たいたう-はうぢん	align	o	
1804	954645-330-0028	おもてちょうもと	表帳元	おもてちゃうもと	align	o	
1805	954647-180-0040	だいいちけんとく	第一謙徳	だいいち-けんとく	align	o	
1806	954645-126-0018	いそなぎ	磯凪	いそ-なぎ	align	o	
1807	954647-206-0009	だいばつ	題跋	だい-ばつ	align	o	
1808	954646-313-0045	こんじんむき	金神向	こんじん-むき	align	o	
1809	954646-048-0081	くみはてr	汲果	くみ-はてる	align	o	
1810	954646-414-0036	しあんどころ	思案所	しあん-どころ	align	o	
1811	954648-368-0056	ほぶ	步武	ほぶ	L	o	
1812	954645-401-0025	かくれごと	隱事	かくれ-ごと	align	o	
1813	954646-234-0014	こころいらr	心苛	こころいらる	align	o	
1814	954645-520-0053	かんせい	寒製	かん-せい	align	o	
1815	954647-185-0005	だいきょうえん	大饗宴	だい-きゃうえん	align	o	
1816	954647-550-0056	とりこm	取籠	せり-こむ	JMdict	o	
1817	954646-171-0057	けんせいうんどう	牽制運動	けんせい-うんどう	align	o	
1818	954648-574-0057	ゆきみち	行道	ゆき-みち	JMdict	o	
1819	954646-422-0027	しゅうらん	秋蘭	しう-らん	align	o	
1820	954645-457-0042	かわござ	川御座	かは-ござ	align	o	
1821	954647-057-0003	せいせい	生生	せい-せい	JMdict	o	
1822	954648-311-0025	ぶんない	分內	ぶん-ない	align	o	
1823	954648-609-0033	よふか	夜深	よ-ふか	align	o	
1824	954648-583-0050	ゆうひがくれ	夕日隱	ゆふひがくれ	align	o	
1825	954648-475-0029	むかば	向齒	むかば	align	o	
1826	954647-330-0007	ちょうじょうかん	長上官	ちゃう-じゃうくわん	align	o	
1827	954646-017-0001	くしきん	櫛巾	くし-きん	align	o	
1828	954648-040-0076	ぬりかたm	塗固	ぬり-かたむ	JMdict	o	
1829	954646-409-0012	さんぼうきょく	參謀局	さんぼう-きょく	align	o	
1830	954645-236-0017	うみしだ	海羊齒	うみ-しだ	JMdict	o	
1831	954645-227-0055	うわぞめ	上染	うは-ぞめ	align	o	
1832	954645-185-0045	いろものがたり	色物語	いろ-ものがたり	align	o	
1833	954645-412-0034	かさねからはな	重唐花	かさね-からはな	align	o	
1834	954647-044-0006	すえつかた	末方	すゑ-つ-かた	JMdict	o	
1835	954645-619-0028	きおう	鬼王	きわう	align	o	
1836	954647-515-0029	どくらく	獨樂	どく-らく	L	o	
1837	954646-373-0004	ざっせつ	雜説	ざっ-せつ	L	o	
1838	954647-438-0012	ちょうか	朝家	てうか	JMdict	o	
1839	954646-456-0034	しちじょうのけさ	七條袈裟	しちでうの-けさ	align	o	
1840	954646-532-0016	しゃろ	車路	しゃろ	align	o	
1841	954645-030-0043	あくめい	惡名	あく-めい	L	o	
1842	954648-377-0034	ほんこ	本子	ほんこ	align	o	
1843	954648-651-0036	りゅうじんはちぶ	龍神八部	りうじん-はちぶ	align	o	
1844	954646-162-0009	げんがた	驗方	げんがた	align	o	
1845	954646-102-0016	かんしょうだい	觀象臺	くわんしゃう-だい	align	o	
1846	954648-282-0066	ぶつじょう	佛乘	ぶつじょう	align	o	
1847	954647-198-0024	だいしょうじ	大小事	だいせう-じ	align	o	
1848	954645-017-0056	あかかすげ	赤糟毛	あか-かすげ	align	o	
1849	954645-396-0022	かくしめ	隱女	かくし-め	JMdict	o	
1850	954646-531-0009	じゃよく	邪慾	じゃ-よく	JMdict	o	
1851	954647-406-0052	つのだいし	角大師	つの-だいし	align	o	
1852	954647-171-0045	そらとr	空捕	そら-とる	align	o	
1853	954647-385-0032	つきあわせぎんみ	突合吟味	つきあはせ-ぎんみ	align	o	
1854	954645-294-0008	おちいたじき	落板敷	おちいたじき	align	o	
1855	954645-393-0053	がくかい	學海	がく-かい	align	o	
1856	954645-084-0059	あらいこ	洗粉	あらひ-こ	JMdict	o	
1857	954645-548-0028	きかしょくぶつ	歸化植物	きくわしょくぶつ	L	o	
1858	954645-532-0009	ぎいん	僞印	ざいん	L	o	
1859	954647-377-0004	つうしょうきょく	通商局	つうしゃうきょく	align	o	
1860	954645-291-0012	おしょくじょろう	御職女郎	おしょく-ぢょらう	align	o	
1861	954646-165-0017	けんげん	權原・權源・権源	けん-げん	L	o	
1862	954646-505-0033	じょうし	情史	じゃう-し	JMdict	o	
1863	954648-408-0023	まつよい	待宵	まつ-よひ	JMdict	o	
1864	954645-413-0001	かさねひとみ	重瞳	かさね-ひとみ	align	o	
1865	954648-716-0055	えんすい	淵醉	ゑんすゐ	JMdict	o	
1866	954645-444-0012	かっぱかご	合羽籠	かっぱかご	align	o	
1867	954646-108-0036	かんれい	關捩	くわん-れい	align	o	
1868	954645-234-0053	うまやじ	驛路	うまや-ぢ	align	o	
1869	954648-431-0030	みえかえr	見返	みえかへる	align	o	
1870	954645-321-0023	おおひじり	大聖	おほひじり	align	o	
1871	954647-452-0018	てだらい	手盥	て-だらひ	align	o	
1872	954645-520-0032	かんz	勘	かん-ず	align	o	
1873	954648-466-0011	みょうもくか	名目價	みゃうもく-か	align	o	
1874	954645-129-0044	いたずらむすめ	徒娘	いたづら-むすめ	align	o	
1875	954645-014-0032	あいきょうぼくろ	愛敬黒子	あいきゃう-ぼくろ	JMdict	o	
1876	954648-484-0036	むしゃばしり	武者走	むしゃ-ばしり	align	o	
1877	954645-129-0038	いたずらね	徒寢	いたづらね	align	o	
1878	954648-487-0027	むせんでんわき	無線電話機	むせんでんわ-き	align	o	
1879	954646-507-0006	しょうじょうこう	清淨光	しゃうじゃう-くわう	align	o	
1880	954645-401-0026	かくれざと	隱里	かくれ-ざと	JMdict	o	
1881	954648-178-0036	ひきりょう	引料	ひき-れう	align	o	
1882	954648-489-0024	むつたま	睦魂	むつ-たま	align	o	
1883	954645-345-0036	おんまつり	御祭	おん-まつり	align	o	
1884	954645-455-0019	かのきし	彼岸	かのきし	JMdict	o	
1885	954645-583-0020	きもなます	肝膾	きも-なます	align	o	
1886	954648-146-0061	はらいのk	拂除	はらひのく	JMdict	o	
1887	954647-539-0026	とおまき	遠卷	とほ-まき	L	o	
1888	954645-599-0012	きょうきゅうふそく	供給不足	きょうきふ-ふそく	align	o	
1889	954647-472-0025	てんしつ	癲疾	てん-しつ	align	o	
1890	954647-089-0024	せきちゅう	石中	せき-ちゅう	align	o	
1891	954646-309-0025	こえじまん	聲自慢	こゑじまん	align	o	
1892	954645-432-0041	かたどおり	片通	かた-どほり	align	o	
1893	954646-119-0025	けいか	硅華	けい-くわ	JMdict	o	
1894	954646-544-0007	しゅさつ	手札	しゅ-さつ	JMdict	o	
1895	954646-425-0019	じかく	字格	じ-かく	align	o	
1896	954645-594-0039	ぎゃくすう	逆數	ぎゃく-すう	L	o	
1897	954647-316-0054	ちせき	地籍	ちせき	JMdict	o	
1898	954645-341-0035	おりみだs	織亂	おり-みだす	align	o	
1899	954646-030-0017	くちめ	口目	くちめ	align	o	
1900	954647-336-0017	ちゃくがんてん	著眼點	ちゃくがん-てん	align	o	
1901	954648-706-0001	いのこr	居殘	ゐ-のこる	L	o	
1902	954648-205-0040	ひとかさ	人量	ひと-かさ	align	o	
1903	954645-472-0002	かぶとむし	冑蟲	かぶと-むし	align	o	
1904	954648-239-0007	ひんせい	禀性	ひん-せい	JMdict	o	
1905	954648-463-0013	みみじろのくろげ	耳白黑毛	みみじろ-の-くろげ	align	o	
1906	954646-347-0045	さこうし	左校史	さかうし	align	o	
1907	954645-330-0009	おもてがみ	表紙	おもて-がみ	align	o	
1908	954646-238-0005	こころばしり	心走	こころ-ばしり	align	o	
1909	954648-541-0005	もんぞく	門族	もん-ぞく	align	o	
1910	954647-068-0040	せいい	星位	せいゐ	align	o	
1911	954647-136-0017	せんれい	洗禮	せん-れい	L	o	
1912	954646-484-0009	じゅうほし	十星	じふ-ほし	align	o	
1913	954646-099-0004	かんかきん	換價金	くわんかきん	align	o	
1914	954645-173-0008	いまおり	今織	いま-おり	align	o	
1915	954646-137-0007	げきろう	逆浪	げき-らう	JMdict	o	
1916	954645-405-0044	かげの	陰野	かげの	align	o	
1917	954648-463-0048	みみどお	耳遠	みみどほ	align	o	
1918	954645-314-0068	おおざけのみ	大酒飮	おほざけ-のみ	align	o	
1919	954647-298-0046	たんぽ	擔保	たんぽ	L	o	
1920	954646-105-0004	かんちょうち	官廳地	くわんちゃうち	align	o	
1921	954645-208-0060	うたぜき	歌關	うた-ぜき	align	o	
1922	954647-115-0039	ぜんけい	全計	ぜん-けい	align	o	
1923	954646-025-0003	くだんのごぜん	件御膳	くだん-の-ごぜん	align	o	
1924	954648-447-0030	みずうす	水碓	みづ-うす	JMdict	o	
1925	954645-402-0044	かけあわせr	驅合	かけ-あはせる	align	o	
1926	954646-119-0007	けいきょ	輕裾	けい-きょ	align	o	
1927	954647-342-0017	ちゅうか	柱下	ちゅう-か	align	o	
1928	954648-265-0045	ふさんとどけ	不參屆	ふさん-とどけ	align	o	
1929	954645-508-0013	かりみや	假宮	かり-みや	JMdict	o	
1930	954648-309-0029	ぶんすうしき	分數式	ぶんすう-しき	L	o	
1931	954645-616-0062	きりはなr	切離	きり-はなれる	JMdict	o	
1932	954647-112-0032	せんがじまいり	千箇寺參	せんがじ-まゐり	align	o	
1933	954646-212-0001	こきんでんじゅ	古今傳授	こきんでんじゅ	L	o	
1934	954645-256-0031	えいよ	贏餘	えい-よ	JMdict	o	
1935	954646-345-0036	そうめん	草綿	さうめん	align	o	
1936	954645-475-0041	かえのかた	替形	かへのかた	align	o	
1937	954647-073-0023	しょうこう	小劫	せう-こふ	align	o	
1938	954647-414-0003	つみた	摘田	つみた	align	o	
1939	954645-589-0015	ぎょうせいほうがく	行政法學	ぎゃうせいはふ-がく	align	o	
1940	954645-452-0023	かなわん	金椀	かな-わん	JMdict	o	
1941	954646-017-0055	ぐしょう	愚將	ぐしゃう	align	o	
1942	954648-004-0034	にゅうなんちてん	柔軟地天	にうなんち-てん	align	o	
1943	954645-281-0060	おきゃん	御俠	おきゃん	align	o	
1944	954648-552-0013	やくき	藥氣	やく-き	align	o	
1945	954645-234-0019	うまばのおとど	馬場殿	うまば-の-おとど	JMdict	o	
1946	954645-408-0019	かごあみ	籠編	かご-あみ	align	o	
1947	954645-286-0008	おこと	御事	おこと	JMdict	o	
1948	954645-199-0026	うけわたしび	受渡日	うけわたしび	JMdict	o	
1949	954648-153-0029	はんさくどうぶつ	半索動物	はんさく-どうぶつ	JMdict	o	
1950	954645-592-0040	きょうもの	京物	きゃう-もの	JMdict	o	
1951	954648-016-0056	にそくひき	貳束引	にそく-ひき	align	o	
1952	954645-625-0041	きんさい	菫菜	きん-さい	align	o	
1953	954647-293-0036	たんすい	潭水	たん-すゐ	align	o	
1954	954645-306-0067	おいしょうぜめ	追證攻	おひしょう-ぜめ	align	o	
1955	954647-370-0013	ちんげん	陳玄	ちん-げん	align	o	
1956	954648-169-0053	びかちょう	鼻下長	びか-ちゃう	JMdict	o	
1957	954647-629-0039	なんそう	南曹	なん-さう	align	o	
1958	954648-012-0026	にこみびき	煮込引	にこみ-びき	align	o	
1959	954646-472-0034	しのびのこs	忍殘	しのびのこす	align	o	
1960	954646-102-0005	かんじゃ	宦者	くわん-じゃ	JMdict	o	
1961	954647-118-0035	せんし	淺紫	せんし	align	o	
1962	954646-245-0009	こしかけだい	腰掛臺	こしかけ-だい	JMdict	o	
1963	954646-115-0014	ぐんりょう	郡領	ぐん-りゃう	align	o	
1964	954648-544-0048	ようけい	養系	やう-けい	align	o	
1965	954647-079-0054	しょうのむし	小蟲	せう-の-むし	align	o	
1966	954648-420-0014	まりばな	鞠花	まり-ばな	align	x	紙面は まり-はな に見える（は に濁点が見当たらない）が、OCR はどれも ばな と読んでいる。判断に迷い、誤りとして数えた
1967	954645-441-0019	かじりき	加持力	かぢ-りき	align	o	
1968	954645-276-0059	おいり	御入	おいり	align	o	
1969	954648-335-0004	へんごく	邊國	へん-ごく	align	o	
1970	954646-380-0006	そうが	插畫	さふ-ぐわ	L	o	
1971	954645-452-0022	かなわふんどう	金輪分銅	かなわ-ふんどう	align	o	
1972	954647-571-0005	ながおき	長起	なが-おき	align	o	
1973	954648-465-0014	みょうしき	名色	みゃう-しき	JMdict	o	
1974	954648-175-0052	ひきつらなr	引連	ひき-つらなる	align	o	
1975	954648-646-0042	りょうきゅう	良弓	りゃうきゅう	align	o	
1976	954645-443-0002	がっしょうつい	合掌對	がっしゃう-つゐ	align	o	
1977	954648-209-0011	ひのきがさ	檜笠	ひのき-がさ	JMdict	o	
1978	954648-501-0045	めいやく	名藥	めい-やく	L	o	
1979	954646-128-0027	けいひつ	勁筆	けい-ひつ	align	o	
1980	954645-537-0010	きゅうやく	嗅藥	きうやく	align	o	
1981	954647-321-0038	ちほうかんちょう	地方官廳	ちはう-わんちゃう	JMdict	o	
1982	954647-068-0001	せいりょくはんい	勢力範圍	せいりょく-はんゐ	L	o	
1983	954645-463-0049	かわりば	代齒	かはりば	align	o	
1984	954647-267-0016	たねものや	種物屋	たねもの-や	align	o	
1985	954645-362-0052	こうう	香芋	かう-う	align	o	
1986	954645-149-0043	いてすあお	射手素襖	いて-すあを	align	o	
1987	954648-160-0033	はんばいひん	販賣品	はんばい-ひん	L	o	
1988	954647-381-0043	つかいのこり	遣殘	つかひ-のこり	align	o	
1989	954648-488-0036	むち	鞭・策	むち	L	o	
1990	954646-539-0044	じゅくこう	熟荒	じゅく-くわう	align	o	
1991	954648-331-0002	へびがい	蛇貝	へび-がひ	align	o	
1992	954646-430-0008	じきぶ	食封	じさぶ	align	o	
1993	954646-474-0025	しほうびき	四方引	しはうびき	align	o	
1994	954647-074-0008	しょうさんどう	硝酸銅	せうさん-どう	align	o	
1995	954646-197-0033	こうちゅう	溝中	こう-ちゅう	align	o	
1996	954647-017-0026	すずめまと	雀的	すずめ-まと	align	o	
1997	954646-036-0055	くにつづき	國續	くにつづき	align	o	
1998	954648-199-0071	ひっくるm	引括	ひっ-くるむ	JMdict	o	
1999	954648-622-0002	ろうたいこく	老大國	らうたい-こく	L	o	
2000	954648-333-0044	べんがら	辨柄	べん-がら	align	o	
